bn_templates,n_templates,bn_len,best_identity_pct,best_match_accession
1fm9:A,1,232,100.0,P19793
2ya6:A,1,470,98.93617021276596,P62576
1stc:E,1,334,98.80239520958084,P17612
1iep:A,1,274,98.17518248175182,P00519
1lbk:A;1lbk:B,2,208,97.11538461538461,P09211
3uqf:A,1,260,95.96153846153847,P12931
3h0a:A,1,210,95.47619047619048,P19793
3svv:A,1,261,95.40229885057471,P12931
2qq7:A,1,251,92.62948207171314,P12931
2hwo:A,1,251,92.43027888446215,P12931
2xyn:A,1,264,92.23484848484848,P00519
3lok:A,1,248,91.93548387096774,P12931
5d45:A;5d47:A,2,135,91.66666666666667,P04117
2hnx:A;5d48:A;5y0f:A;5y0g:A;5y0x:A,7,136,91.66666666666667,P04117
5edc:A,1,133,91.66666666666667,P04117
5edb:A,1,134,91.66666666666667,P04117
1tou:A;1tow:A;2nnq:A;3fr4:A;3fr5:A,5,131,91.6030534351145,P04117
2hwp:A,1,245,90.81632653061224,P12931
5hz6:A,1,131,90.07633587786259,P04117
3gvu:A,1,271,88.00738007380073,P00519
4w4y:A,1,350,86.14285714285714,P45984
4w4w:A;4y5h:A,2,349,86.10315186246419,P45984
1pmv:A,1,347,85.73487031700289,P45984
5hz8:A,1,135,85.60606060606061,P04117
3v6r:A,1,350,85.57142857142857,P45984
3cgf:A,1,346,85.54913294797687,P45984
3v6s:A,1,349,85.38681948424069,P45984
3g90:X,1,345,85.3623188405797,P45984
1pmu:A,1,342,85.23391812865498,P45984
1pmn:A,1,344,85.17441860465117,P45984
3g9n:A,1,346,85.11560693641619,P45984
4whz:A,1,342,85.08771929824562,P45984
3tti:A,1,341,85.04398826979472,P45984
3e3b:X,1,334,85.02994011976048,P68400
4w4v:A,1,342,84.94152046783626,P45984
4w4x:A,1,342,84.94152046783626,P45984
4y46:A,1,340,84.70588235294117,P45984
3ptg:A,1,340,84.41176470588235,P45984
3o2m:A,1,358,84.35754189944134,P45984
2g01:A,1,356,84.26966292134831,P45984
4x21:A,1,336,84.22619047619048,P45984
2no3:A,1,357,84.03361344537815,P45984
2h96:A,1,359,83.84401114206128,P45984
2gmx:A,1,358,83.79888268156425,P45984
2o0u:A,1,331,83.68580060422961,P45984
3g9l:X,1,336,83.63095238095238,P45984
2exc:X,1,335,83.58208955223881,P45984
4u79:A,1,337,83.53115727002967,P45984
3ttj:A,1,333,83.48348348348348,P45984
2ok1:A,1,333,83.48348348348348,P45984
2p33:A;3cgo:A,2,332,83.43373493975903,P45984
4z9l:A,1,333,83.33333333333333,P45984
3elj:A,1,347,83.14121037463977,P45984
5ugd:A;5ugg:A,2,246,83.130081300813,P08519
2b1p:A,1,331,83.08157099697885,P45984
3rtp:A,1,331,82.93051359516616,P45984
3oy1:A,1,329,82.82674772036474,P45984
4hys:A,1,321,82.55451713395638,P45984
3da6:A,1,328,82.46951219512195,P45984
4hyu:A;4izy:A,2,322,82.45341614906832,P45984
6ekd:A,1,325,82.3076923076923,P45984
3fv8:A,1,326,82.05521472392638,P45984
3oxi:A,1,322,81.98757763975155,P45984
3kvx:A,1,327,81.9571865443425,P45984
3djo:A;3djo:B;3djp:A;3djp:B;3djq:A,10,124,81.45161290322581,P61823
3fi3:A,1,328,81.09756097560975,P45984
2o2u:A,1,319,81.03448275862068,P45984
1n3z:A,1,117,80.76923076923077,P61823
4l7f:A,1,354,80.50847457627118,P45984
2vwx:A;2vwy:A;2vwz:A;2vx1:A,4,274,78.28467153284672,P54764
2vx0:A,1,273,78.02197802197803,P54764
2xvd:A,1,270,77.77777777777777,P54764
2x9f:A,1,265,77.73584905660377,P54764
2vwv:A,1,255,77.05882352941177,P54764
4aw5:A,1,261,77.01149425287356,P54764
2of2:A;2of4:A,2,271,76.75276752767527,P08631
2pl0:A,1,268,76.49253731343283,P08631
2ofu:A,1,272,76.47058823529412,P08631
3b2w:A,1,261,76.4367816091954,P08631
3bym:A,1,271,76.38376383763837,P08631
1qpe:A;2zm1:A;2zyb:A;3byo:A;3kmm:A,5,270,76.29629629629629,P08631
2vwu:A;2vww:A,2,253,75.88932806324111,P54764
3mpm:A,1,257,75.29182879377431,P08631
3byu:A,1,256,72.65625,P08631
3bys:A,1,255,72.15686274509804,P08631
2og8:A,1,246,71.95121951219512,P08631
1uym:A,1,211,70.61611374407583,P02829
1bhf:A;1lkk:A,2,105,70.47619047619048,P08631
3qdd:A,1,209,70.33492822966507,P02829
5j2x:A,1,209,70.33492822966507,P02829
1lkl:A,1,104,70.1923076923077,P08631
5j20:A,1,208,70.1923076923077,P02829
1uy6:A;1uy8:A;3r92:A;3rkz:A;4lwe:A,5,208,70.1923076923077,P02829
2ofv:A,1,244,70.08196721311475,P08631
2fwy:A;3bm9:A;3qtf:A;3r91:A;4efu:A,13,207,70.04830917874396,P02829
2yjw:A,1,207,70.04830917874396,P02829
4nh7:A,1,207,70.04830917874396,P02829
3b25:A;3b28:A,2,210,70.0,P02829
1uyi:A,1,209,69.85645933014354,P02829
1uy7:A;1uy9:A;1uyc:A;1uyd:A;1uye:A,34,209,69.85645933014354,P02829
6ey9:A,1,207,69.80676328502416,P02829
2fwz:A;3d0b:A;4lwh:A;4o04:A;4xip:A,17,208,69.71153846153847,P02829
5j8u:A,1,208,69.71153846153847,P02829
2ofv:B,1,244,69.67213114754098,P08631
3iuc:A,1,379,69.65699208443272,P11142
5ey4:A,1,378,69.57671957671958,P11142
5j8u:B,1,207,69.56521739130434,P02829
3ow6:A;3owb:A;3owd:A,3,207,69.56521739130434,P02829
5exw:A;5f2r:A,2,381,69.55380577427822,P11142
5j6n:A;5j6n:B;5j8m:A;5j8m:B,4,209,69.377990430622,P02829
5evz:A,1,382,69.3717277486911,P11142
5f1x:A,1,380,69.34210526315789,P11142
3ldp:A,1,381,69.29133858267717,P11142
5j6l:A;5j6l:B,2,208,69.23076923076923,P02829
5j6m:A;5j6m:B,2,211,69.19431279620854,P02829
1yc1:A;1yc4:A,2,210,69.04761904761905,P02829
4b7p:A,1,214,68.69158878504673,P02829
4awp:A;4awp:B;4awq:A;4awq:B,4,204,68.62745098039215,P02829
3vhd:A,1,213,68.54460093896714,P02829
4dhq:A;4dhq:B,2,230,68.47826086956522,P31946
3iuc:C,1,388,68.4278350515464,P11142
2xdk:A;3r4m:A;3vha:A,3,215,68.37209302325581,P02829
6eya:A,1,203,68.22660098522168,P02829
2xdx:A;4egk:A,2,214,68.22429906542057,P02829
3bmy:A,1,213,68.07511737089202,P02829
3vhc:A,1,216,68.05555555555556,P02829
5oci:A,1,203,67.98029556650246,P02829
3b27:A,1,215,67.90697674418605,P02829
3hng:A,1,288,67.88194444444444,P35968
2xjx:A,1,221,67.87330316742081,P02829
4dhr:A;4dhr:B;4dhs:A;4dhs:B;4dhu:A,6,227,67.84140969162996,P31946
2xhx:A,1,214,67.75700934579439,P02829
1yet:A;2xjg:A,2,213,67.6056338028169,P02829
3r4n:A,1,221,66.96832579185521,P02829
4v25:A;4v25:B,2,343,66.61807580174927,Q15120
2w2i:A,1,305,66.39344262295081,Q9H3R0
4bgg:A,1,296,66.21621621621621,P36897
5oxg:A,1,293,66.21160409556315,P36897
5ura:A,1,134,66.16541353383458,P05413
6gin:A;6gin:B,2,296,65.87837837837837,P36897
5tjx:A,1,231,65.80086580086581,P03951
2bu5:A;2bu5:B,2,356,65.30898876404494,Q15120
5m4k:A,1,336,65.17857142857143,Q15120
5j6a:A;5j6a:B,2,337,64.2433234421365,Q15120
5fwj:A,1,435,64.13793103448276,P29375
2r4b:A,1,292,61.81506849315068,P21860
3bbt:B,1,274,61.13138686131387,P21860
3pp0:A,1,286,61.01398601398601,P21860
1okl:A,1,255,60.3921568627451,P00915
4hw7:A,1,289,60.38062283737024,P10721
4q08:A;4q09:A,2,257,60.311284046692606,P00915
4q07:A,1,257,60.311284046692606,P00915
3dbu:A;3dc3:A;3dcc:A;3dcs:A;3dcw:A,7,257,60.311284046692606,P00915
1a42:A;1bnq:A;1bnt:A;1cil:A;1cim:A,27,256,60.15625,P00915
4cq0:A;5txy:A,2,256,60.15625,P00915
2x7s:A,1,256,60.15625,P00915
4q06:A,1,258,60.07751937984496,P00915
3oik:A,1,258,60.07751937984496,P00915
1yda:A,1,255,60.0,P00915
1ydb:A,1,255,60.0,P00915
2aw1:A;2hd6:A;2hl4:A;2pov:A;3ibi:A,6,257,59.92217898832685,P00915
1bn3:A;1bnm:A;1bnn:A;1bnv:A;2f14:A,125,257,59.92217898832685,P00915
3ryv:B;3ryy:A,2,257,59.92217898832685,P00915
4m2v:A,1,257,59.92217898832685,P00915
4m2w:A;4zwx:A;4zwz:A;5sz4:A;5sz5:A,10,257,59.92217898832685,P00915
5sz7:A,1,257,59.92217898832685,P00915
2qo8:A;3igp:A;3sbh:A;4z1e:A;5a6h:A,11,259,59.84555984555985,P00915
1ydd:A,1,256,59.765625,P00915
1bcd:A;1eou:A;1g1d:A;1g52:A;1g53:A,70,258,59.689922480620154,P00915
4r59:A,1,258,59.689922480620154,P00915
1g45:A;1g46:A;1g48:A;1g4j:A;1g4o:A,10,258,59.689922480620154,P00915
2nno:A;2nns:A;2nnv:A,3,258,59.689922480620154,P00915
4r5b:A;5ll4:A,2,260,59.61538461538461,P00915
5n0d:A;6h33:A,2,260,59.61538461538461,P00915
4jsa:A,1,257,59.53307392996109,P00915
2h4n:A,1,257,59.53307392996109,P00915
3kig:A,1,257,59.53307392996109,P00915
1zsb:A,1,257,59.53307392996109,P00915
2nng:A,1,257,59.53307392996109,P00915
4zx1:A,1,257,59.53307392996109,P00915
4jsz:A,1,257,59.53307392996109,P00915
5nxi:A,1,259,59.45945945945946,P00915
4r5a:A,1,259,59.45945945945946,P00915
5e2r:A;5j8z:A,2,261,59.38697318007663,P00915
5hg7:A,1,280,59.107142857142854,P21860
5hg9:A;5ug8:A;5ug9:A;5ugc:A,4,280,58.75,P21860
3lco:A,1,293,58.70307167235495,P10721
5uga:A,1,283,58.657243816254415,P21860
3krj:A,1,304,58.55263157894737,P10721
3u15:A;3u15:B,2,82,58.53658536585366,P56273
3lzb:A,1,265,58.490566037735846,P21860
3mj2:A,1,259,58.3011583011583,Q06187
4hcu:A;4hcv:A,2,263,58.17490494296578,Q06187
4hct:A,1,265,58.113207547169814,Q06187
2i1m:A,1,311,58.038585209003216,P10721
5gnk:A,1,277,57.942238267148014,P21860
3bea:A,1,310,57.903225806451616,P10721
3lbj:E,1,83,57.83132530120482,P56273
3rcd:A,1,281,57.65124555160142,P21860
4e5w:B,1,278,57.37410071942446,P29597
6bbu:A,1,279,57.168458781362006,P29597
4i5c:A,1,279,57.168458781362006,P29597
4k77:B,1,280,56.964285714285715,P29597
3eyg:A,1,280,56.964285714285715,P29597
6aah:B,1,284,56.86619718309859,P29597
4e4l:A,1,277,56.85920577617328,Q9R117
4jrv:A;4jrv:B,2,300,56.833333333333336,P21860
4k6z:A,1,279,56.81003584229391,P29597
5e1e:A,1,279,56.81003584229391,Q9R117
3krl:A,1,281,56.761565836298935,P10721
6aah:A,1,283,56.71378091872791,P29597
4jq7:A;4jq7:B;4jq8:A;4jq8:B;4jr3:A,6,303,56.43564356435643,P21860
3bel:A,1,280,56.25,P21860
5j9y:A,1,300,56.0,P21860
5hg8:A,1,300,56.0,P21860
2jiu:A,1,304,55.921052631578945,P21860
4li5:A,1,306,55.88235294117647,P21860
5em8:A,1,303,55.775577557755774,P21860
2i0y:A,1,289,55.70934256055364,P10721
5hg5:A,1,302,55.629139072847686,P21860
2j6m:A;5cav:A,2,306,55.55555555555556,P21860
5ugb:A,1,307,55.53745928338762,P21860
4ehz:A,1,290,55.51724137931034,P29597
5wo4:A,1,292,55.47945205479452,P29597
4fk6:A,1,285,55.43859649122807,Q9R117
2itp:A,1,305,55.40983606557377,P21860
3w2o:A,1,305,55.40983606557377,P21860
3w2q:A,1,307,55.37459283387622,P21860
5x26:A;5x27:A,2,302,55.29801324503311,P21860
2rgp:A,1,284,55.28169014084507,P21860
2ity:A,1,300,55.166666666666664,P21860
4e5w:A,1,292,55.136986301369866,Q9R117
2n06:A;2n0u:A;2n0w:A;2n14:A,4,89,55.056179775280896,P56273
4ei4:A,1,289,55.017301038062286,Q9R117
1xkk:A,1,289,55.017301038062286,P21860
4ivd:A,1,290,55.0,P29597
4e4n:A;4ivb:A;4ivc:A,3,291,54.982817869415804,P29597
2itz:A,1,303,54.95049504950495,P21860
5khx:A,1,276,54.891304347826086,Q9R117
3w2p:A,1,308,54.87012987012987,P21860
3ika:A,1,310,54.83870967741935,P21860
5j9z:A,1,291,54.81099656357388,P21860
2itt:A,1,302,54.80132450331126,P21860
3dpk:A,1,279,54.659498207885306,P10721
3w32:A,1,317,54.57413249211356,P21860
3w33:A,1,297,54.54545454545455,P21860
5gty:A,1,300,54.5,P21860
3w2r:A,1,297,54.377104377104374,P21860
5yu9:A,1,302,54.3046357615894,P21860
2ito:A,1,303,54.29042904290429,P21860
3poz:A,1,293,54.26621160409557,P21860
3ug2:A;3ug2:B,2,299,54.180602006688964,P21860
4rj7:A,1,295,54.067796610169495,P21860
5x28:A,1,310,54.03225806451613,P21860
5cas:A,1,299,54.013377926421406,P21860
5gmp:A,1,305,53.9344262295082,P21860
3w2s:A,1,307,53.90879478827362,P21860
5cau:A,1,297,53.872053872053876,P21860
4rj6:A,1,297,53.872053872053876,P21860
4rj4:A,1,299,53.84615384615385,P21860
5c8k:A;5cal:A,2,300,53.833333333333336,P21860
5em6:A,1,301,53.820598006644516,P21860
5caq:A,1,301,53.820598006644516,P21860
1cea:A;1cea:B;1ceb:A,3,80,53.75,P08519
4cik:A,1,81,53.7037037037037,P08519
4rj8:A,1,298,53.691275167785236,P21860
5c8n:A,1,300,53.666666666666664,P21860
5cao:A,1,300,53.666666666666664,P21860
5em7:A,1,300,53.666666666666664,P21860
5c8m:A,1,302,53.64238410596027,P21860
4rfm:A,1,249,53.6144578313253,Q06187
4obz:A;4od9:A,2,97,53.608247422680414,P00797
1lyb:A,1,97,53.608247422680414,P00797
5edq:A,1,298,53.52348993288591,P21860
5edr:A,1,299,53.51170568561873,P21860
5can:A,1,301,53.48837209302326,P21860
4rj5:A,1,296,53.37837837837838,P21860
5em5:A,1,298,53.355704697986575,P21860
1sm2:A,1,245,53.265306122448976,Q06187
5cap:A,1,303,53.135313531353134,P21860
4pqn:A,1,240,53.125,Q06187
4oc6:A;4oc6:C,2,98,53.06122448979592,P00797
4pp9:A,1,246,53.048780487804876,Q06187
3v5j:A,1,241,52.489626556016596,Q06187
4qd6:A,1,244,52.25409836065574,Q06187
5da3:A,1,263,52.09125475285171,P12931
6cz3:A,1,262,51.908396946564885,P12931
3v8w:A,1,243,51.851851851851855,Q06187
5h2u:A,1,265,51.698113207547166,P12931
3v5l:A,1,240,51.666666666666664,Q06187
4mf1:B,1,246,51.6260162601626,Q06187
4ppa:A;4ppb:A,2,239,51.46443514644351,Q06187
4obz:C,1,103,51.45631067961165,P00797
4mf0:A,1,240,51.041666666666664,Q06187
4mf1:A,1,243,50.82304526748971,Q06187
4bbe:A;4bbf:A,2,288,50.69444444444444,Q9R117
3v8t:A,1,238,50.63025210084034,Q06187
4kio:A,1,240,50.625,Q06187
1b2i:A,1,83,50.602409638554214,P08519
4mf0:B,1,237,50.42194092827004,Q06187
3miy:A,1,239,50.2092050209205,Q06187
1xjd:A,1,280,50.17857142857143,Q16512
5tq5:A;5tq8:A,2,291,50.171821305841924,Q9R117
3krr:A,1,291,50.0,Q9R117
4bvb:A,1,273,50.0,Q8IXJ6
5l3a:A,1,290,50.0,Q9R117
3q32:A,1,291,49.828178694158076,Q9R117
3e63:A,1,290,49.827586206896555,Q9R117
6bbv:A,1,289,49.826989619377166,Q9R117
5usy:A,1,287,49.825783972125436,Q9R117
4rio:A,1,285,49.824561403508774,P29597
6da4:A,1,281,49.8220640569395,Q9R117
4jt8:A;4jt9:A,2,274,49.81751824817518,Q8IXJ6
4jsr:A,1,274,49.81751824817518,Q8IXJ6
3e62:A;3e64:A;4d0x:A,3,291,49.65635738831615,Q9R117
4iva:A,1,290,49.6551724137931,Q9R117
4d0w:A,1,289,49.653979238754324,Q9R117
4yth:A,1,287,49.65156794425087,Q9R117
5aep:A,1,287,49.65156794425087,Q9R117
3hdn:A,1,280,49.642857142857146,P31751
4aqc:A,1,289,49.48096885813149,Q9R117
4yti:A,1,284,49.471830985915496,Q9R117
5ttv:A,1,280,49.464285714285715,P29597
5tq4:A,1,290,49.310344827586206,Q9R117
4f08:A;4f09:A,2,288,49.30555555555556,Q9R117
4zim:A;5cf6:A,2,285,49.29824561403509,Q9R117
4p7e:B,1,285,49.29824561403509,Q9R117
5cf5:A,1,287,49.12891986062718,Q9R117
4e6d:A;4e6d:B,2,286,49.12587412587413,Q9R117
3hdm:A,1,285,49.12280701754386,P31751
3iok:A,1,285,49.12280701754386,Q9R117
2b7a:A;2w1i:A;3fup:A,3,284,49.11971830985915,Q9R117
4p7e:A,1,281,49.11032028469751,Q9R117
6gl9:A,1,292,48.97260273972603,P29597
5lwm:A,1,290,48.96551724137931,P29597
3pjc:A,1,286,48.95104895104895,P29597
5cf8:A,1,285,48.94736842105263,Q9R117
3tjc:A;3tjd:A;4hge:A,3,284,48.943661971830984,Q9R117
5cf4:A,1,283,48.93992932862191,Q9R117
3io7:A;3jy9:A,2,282,48.93617021276596,Q9R117
6aaj:A,1,281,48.93238434163701,Q9R117
4ppc:A,1,233,48.927038626609445,Q06187
5toz:A,1,278,48.92086330935252,Q9R117
1q1y:A,1,185,48.91891891891892,Q9F2F0
6db4:A,1,276,48.91304347826087,Q9R117
6db3:A,1,275,48.90909090909091,P29597
6dud:A,1,272,48.89705882352941,Q9R117
4q9z:B,1,308,48.86363636363637,Q16512
5in9:A,1,217,48.8479262672811,P02829
4d1s:A,1,280,48.75,Q9R117
3lpb:A,1,278,48.7410071942446,Q9R117
3zep:A,1,274,48.722627737226276,Q9R117
5tts:A,1,274,48.722627737226276,P29597
3nnu:A;3nnv:A,2,348,48.706896551724135,P45984
1di9:A;1ouk:A,2,348,48.706896551724135,P45984
3d7z:A,1,348,48.706896551724135,P45984
4aa4:A,1,347,48.70317002881844,P45984
4gmy:A;4jia:A,2,298,48.65771812080537,Q9R117
4e6q:A,1,296,48.648648648648646,Q9R117
6aol:A,1,217,48.617511520737324,P02829
6aak:B,1,283,48.58657243816254,P29597
4ytf:A,1,283,48.58657243816254,Q9R117
5wmt:A,1,210,48.57142857142857,P02829
2zb0:A;3nnw:A;3rin:A;3u8w:A,4,349,48.56733524355301,P45984
4aa5:A,1,340,48.529411764705884,P45984
5xyy:A,1,350,48.42857142857143,P45984
4hvg:A,1,281,48.39857651245551,P29597
4hvh:A,1,278,48.381294964028775,P29597
4qt1:A,1,277,48.375451263537904,Q9R117
4hvd:A,1,276,48.369565217391305,P29597
2baj:A,1,337,48.367952522255194,P45984
6aak:A,1,275,48.36363636363637,Q9R117
4hvi:A,1,274,48.35766423357664,P29597
6baw:B,1,208,48.31730769230769,P02829
1bmk:A,1,351,48.29059829059829,P45984
1a9u:A;1bl6:A;1bl7:A;1zzl:A;2yix:A,5,351,48.29059829059829,P45984
1ove:A;2i0h:A;3gc7:A,3,349,48.28080229226361,P45984
3d83:A,1,347,48.27089337175793,P45984
6gla:A;6glb:A,2,288,48.263888888888886,P29597
6d28:A,1,225,48.22222222222222,P02829
4i6q:A,1,277,48.194945848375454,P29597
6aaj:B,1,272,48.161764705882355,Q9R117
1w7h:A;1w82:A;1w83:A;1wbn:A;1wbt:A,6,352,48.15340909090909,P45984
4kin:A,1,338,48.07692307692308,P45984
5tq3:A,1,282,48.04964539007092,Q9R117
4aac:A,1,350,48.0,P45984
3zmm:A,1,273,47.985347985347985,Q9R117
3mpt:A,1,347,47.98270893371758,P45984
4c61:A,1,272,47.97794117647059,Q9R117
4l8m:A,1,339,47.935103244837755,P45984
3nnx:A,1,336,47.916666666666664,P45984
3dt1:A,1,356,47.89325842696629,P45984
4q9z:A,1,331,47.88519637462235,Q16512
2xa4:A,1,276,47.82608695652174,Q9R117
3lhj:A,1,341,47.800586510263926,P45984
5ttu:A,1,271,47.7859778597786,P29597
3itz:A,1,357,47.75910364145658,P45984
4ra5:A,1,332,47.74096385542169,Q16512
3e92:A,1,348,47.701149425287355,P45984
3iph:A,1,345,47.68115942028985,P45984
6c91:C,1,214,47.66355140186916,P02829
2zaz:A,1,345,47.53623188405797,P45984
2gfs:A,1,344,47.52906976744186,P45984
3hrb:A,1,344,47.52906976744186,P45984
3que:A,1,343,47.521865889212826,P45984
3ds6:A,1,343,47.521865889212826,P45984
3bv2:A,1,337,47.47774480712166,P45984
2gfd:B,1,217,47.465437788018434,P02829
5f9e:A,1,334,47.455089820359284,Q16512
5tq7:A,1,275,47.45454545454545,Q9R117
3e93:A,1,346,47.39884393063584,P45984
2iw8:A,1,297,47.30639730639731,Q00534
3zc6:A,1,277,47.292418772563174,P29597
2zb1:A,1,345,47.2463768115942,P45984
5vo6:A,1,271,47.23247232472325,Q9R117
3mw1:A,1,342,47.22222222222222,P45984
2gfd:A,1,215,47.2093023255814,P02829
3bv3:A,1,338,47.18934911242604,P45984
3bx5:A,1,338,47.18934911242604,P45984
3hl7:A,1,336,47.17261904761905,P45984
5wfj:A,1,265,47.16981132075472,P29597
3mvl:A;3nww:A,2,339,47.05014749262537,P45984
3gcu:A;3hv4:A;3hv5:A,3,339,47.05014749262537,P45984
1zz2:A;4kip:A,2,337,47.032640949554896,P45984
6aom:A,1,214,46.96261682242991,P02829
4ra5:B,1,310,46.935483870967744,Q16512
5tq6:A,1,274,46.8978102189781,Q9R117
4kiq:A,1,338,46.89349112426036,P45984
3gcu:B;3hll:A;3kf7:A;3roc:A,4,337,46.88427299703264,P45984
3new:A,1,334,46.8562874251497,P45984
1kv1:A,1,331,46.82779456193354,P45984
3c5u:A;3c5u:B,2,338,46.74556213017752,P45984
3o8p:A,1,336,46.726190476190474,P45984
2bak:A,1,334,46.706586826347305,P45984
3uvq:A,1,333,46.6966966966967,P45984
3txo:A,1,317,46.68769716088328,Q16512
2ewa:A,1,330,46.666666666666664,P45984
4qps:A,1,270,46.666666666666664,P29597
4aa0:A,1,329,46.65653495440729,P45984
1e9h:A;2uzb:A;2uzd:A;2uze:A;4i3z:A,5,295,46.610169491525426,Q00534
6anl:A,1,338,46.59763313609467,P45984
3gcp:A,1,337,46.58753709198813,P45984
3hv7:A,1,330,46.515151515151516,P45984
2uzl:A,1,296,46.4527027027027,Q00534
1h1p:A;1h1q:A;1h1r:A;1h1s:A,4,296,46.4527027027027,Q00534
1okv:A;1okw:A;1ol1:A;1ol2:A;1urc:A,9,296,46.4527027027027,Q00534
1zrz:A,1,310,46.45161290322581,P31751
2bal:A,1,337,46.439169139465875,P45984
5xyx:A,1,337,46.439169139465875,P45984
3huc:A,1,337,46.439169139465875,P45984
3ocg:A,1,336,46.42857142857143,P45984
3hp2:A,1,341,46.334310850439884,P45984
4z16:A,1,271,46.309963099631,Q9R117
1h27:A;5l2w:A,2,297,46.2962962962963,Q00534
5w86:A,1,269,46.28252788104089,P29597
1oi9:A,1,295,46.271186440677965,Q00534
5nev:A,1,295,46.271186440677965,Q00534
4nh9:A,1,214,46.26168224299065,P02829
3eid:A,1,292,46.23287671232877,Q00534
2iw6:A,1,292,46.23287671232877,Q00534
2i40:A,1,291,46.21993127147766,Q00534
4bck:A,1,298,46.14093959731544,Q00534
2g9x:A;3ddp:C;4bco:A;4bcp:A;5cyi:A,5,298,46.14093959731544,Q00534
1pf8:A;2exm:A,2,298,46.14093959731544,Q00534
2rg6:A,1,335,46.11940298507463,P45984
3mvm:A,1,335,46.11940298507463,P45984
3hub:A,1,335,46.11940298507463,P45984
3uvp:A,1,334,46.10778443113772,P45984
2iw9:A,1,293,46.075085324232084,Q00534
1oiy:A;6gub:A,2,293,46.075085324232084,Q00534
2qd9:A,1,330,46.06060606060606,P45984
3s4q:A,1,326,46.012269938650306,P45984
3gcv:A,1,338,46.005917159763314,P45984
1kv2:A,1,325,46.0,P45984
2wxv:C,1,299,45.986622073578594,Q00534
3iw7:A,1,335,45.97014925373134,P45984
5a14:A,1,284,45.95070422535211,Q00534
2xnb:A,1,296,45.945945945945944,Q00534
5lmk:A,1,296,45.945945945945944,Q00534
5tbe:A,1,332,45.933734939759034,P45984
4bcq:C,1,292,45.89041095890411,Q00534
3hvc:A,1,327,45.87155963302752,P45984
2i0e:A,1,326,45.85889570552147,Q16512
4lyn:A,1,287,45.818815331010455,Q00534
3zya:A,1,346,45.809248554913296,P45984
2rg5:A,1,333,45.7957957957958,P45984
3lfn:A,1,285,45.78947368421053,Q00534
3unk:A,1,295,45.76271186440678,Q00534
3ej1:A;3eoc:A,2,295,45.76271186440678,Q00534
6guf:A,1,295,45.76271186440678,Q00534
1pxj:A;1pxn:A;1pxo:A;1pxp:A;2a0c:X,14,294,45.74829931972789,Q00534
4eor:A,1,293,45.73378839590443,Q00534
2r3j:A;2r3m:A,2,281,45.729537366548044,Q00534
4erw:A,1,292,45.71917808219178,Q00534
2yis:A;2yiw:A,2,326,45.70552147239264,P45984
6guc:A,1,291,45.70446735395189,Q00534
2r3i:A;2r3o:A;2r3p:A,3,290,45.689655172413794,Q00534
2c4g:A,1,301,45.68106312292359,Q00534
5mtx:A,1,331,45.61933534743203,P45984
3hv6:A,1,331,45.61933534743203,P45984
1ogu:A;1oiu:A,2,296,45.608108108108105,Q00534
3zh8:A,1,318,45.59748427672956,P31751
2xmy:A,1,295,45.59322033898305,Q00534
3pxf:A;3py1:A,2,302,45.52980132450331,Q00534
1vyw:A;2bpm:A;2wih:A;2wpa:A,4,302,45.52980132450331,Q00534
3hv3:A,1,335,45.52238805970149,P45984
3iw8:A,1,334,45.50898203592814,P45984
3heg:A,1,333,45.4954954954955,P45984
1zyj:A,1,331,45.468277945619334,P45984
4eop:A,1,297,45.45454545454545,Q00534
5tco:A,1,327,45.41284403669725,P45984
1wcc:A;2w1h:A,2,283,45.40636042402827,Q00534
3l8x:A,1,326,45.39877300613497,P45984
4eok:A,1,293,45.39249146757679,Q00534
4eon:A,1,299,45.31772575250836,Q00534
1y91:A,1,286,45.27972027972028,Q00534
3gcq:A,1,337,45.25222551928783,P45984
2vto:A,1,283,45.22968197879859,Q00534
2b52:A,1,283,45.22968197879859,Q00534
1di8:A,1,283,45.22968197879859,Q00534
1fvt:A;1ke8:A,2,282,45.212765957446805,Q00534
2w06:A,1,282,45.212765957446805,Q00534
3l8s:A,1,334,45.209580838323355,P45984
1jvp:P;1ke5:A;1ke7:A;1ke9:A,4,281,45.195729537366546,Q00534
2c6l:A;2r3f:A,2,291,45.18900343642612,Q00534
4nj3:A,1,280,45.17857142857143,Q00534
2c68:A;2c6m:A;2c6o:A;2uzo:A,4,290,45.172413793103445,Q00534
3gcs:A,1,331,45.166163141993955,P45984
3ns9:A,1,289,45.155709342560556,Q00534
3iw4:A,1,330,45.15151515151515,Q16512
3pxq:A,1,298,45.13422818791946,Q00534
2r3n:A,1,277,45.12635379061372,Q00534
3uli:A,1,286,45.10489510489511,Q00534
1riw:C,1,102,45.09803921568628,P00742
3wbl:A,1,283,45.053003533568905,Q00534
6gue:A,1,293,45.051194539249146,Q00534
3hec:A,1,329,44.984802431610944,P45984
5jq5:A,1,287,44.94773519163763,Q00534
5cjf:A,1,267,44.943820224719104,O43570
5ml5:A,1,326,44.938650306748464,P45984
1oir:A,1,286,44.93006993006993,Q00534
1h08:A,1,283,44.87632508833922,Q00534
2c69:A;2c6i:A;2c6k:A,3,292,44.863013698630134,Q00534
2vts:A,1,282,44.858156028368796,Q00534
2vtr:A;3lfs:A,2,290,44.827586206896555,Q00534
1ke6:A;1w0x:C,2,280,44.82142857142857,Q00534
2flr:L,1,96,44.791666666666664,P00742
5jq8:A,1,278,44.78417266187051,Q00534
4rj3:A,1,287,44.77351916376307,Q00534
1bhx:F,1,105,44.76190476190476,P00742
1h01:A,1,286,44.75524475524475,Q00534
6guh:A,1,284,44.71830985915493,Q00534
5mty:A,1,328,44.66463414634146,P45984
2vtp:A,1,281,44.661921708185055,Q00534
1b38:A;1b39:A;1e1v:A;1e1x:A;1pxk:A,9,290,44.6551724137931,Q00534
2vti:A,1,280,44.642857142857146,Q00534
2iw9:C,1,268,44.58955223880597,Q00534
1v1k:A,1,277,44.584837545126355,Q00534
4hwt:B,1,402,44.527363184079604,P0A8M3
5egm:B,1,54,44.44444444444444,P00742
3lc5:B,1,54,44.44444444444444,P00742
2uzn:A,1,279,44.44444444444444,Q00534
4hwt:A,1,395,44.43037974683544,P0A8M3
1oit:A,1,273,44.32234432234432,Q00534
1vyz:A,1,279,44.2652329749104,Q00534
2r64:A;3s2p:A,2,279,44.2652329749104,Q00534
2vv9:A,1,279,44.2652329749104,Q00534
3rmf:A,1,278,44.24460431654676,Q00534
6guk:A,1,278,44.24460431654676,Q00534
2vta:A;2vth:A,2,278,44.24460431654676,Q00534
3ezv:A,1,277,44.22382671480145,Q00534
2fvd:A,1,284,44.190140845070424,Q00534
5mhq:A,1,291,44.15807560137457,Q00534
1h00:A,1,278,44.064748201438846,Q00534
2a4l:A,1,286,44.05594405594405,Q00534
2vu3:A,1,285,44.03508771929825,Q00534
2vtj:A,1,276,44.02173913043478,Q00534
5usz:A;5ut0:A;5ut6:A,3,272,43.93382352941177,Q9R117
3gp0:A,1,333,43.84384384384384,P45984
3ddq:C,1,266,43.796992481203006,Q00534
5ut4:A,1,273,43.772893772893774,Q9R117
1aq1:A,1,277,43.68231046931408,Q00534
2w05:A,1,276,43.65942028985507,Q00534
2p4i:A,1,252,43.65079365079365,P22455
4z0k:B;5tnt:B,2,55,43.63636363636363,P00742
1g5s:A,1,275,43.63636363636363,Q00534
4zae:B,1,55,43.63636363636363,P00742
3dog:C,1,267,43.63295880149813,Q00534
2b7d:L;2f9b:L,2,94,43.61702127659574,P00742
2w17:A,1,278,43.52517985611511,Q00534
2b55:A,1,276,43.47826086956522,Q00534
4bgh:A,1,275,43.45454545454545,Q00534
5eko:A,1,341,43.401759530791786,P45984
4eym:A,1,340,43.38235294117647,P45984
2duv:A,1,272,43.38235294117647,Q00534
5lqf:A,1,287,43.37979094076655,Q00534
6gu3:A;6gu4:A,2,292,43.321917808219176,Q00534
2vtq:A,1,274,43.24817518248175,Q00534
1unl:A,1,292,43.15068493150685,Q00534
6gu7:A,1,284,43.13380281690141,Q00534
2vtn:A,1,274,43.065693430656935,Q00534
1r78:A,1,273,43.040293040293044,Q00534
3lc3:B,1,57,42.98245614035088,P00742
4at4:A,1,292,42.97945205479452,Q08345
3lc3:A;3lc5:A,2,235,42.97872340425532,P00742
6gu2:A,1,294,42.857142857142854,Q00534
4at5:A,1,294,42.857142857142854,Q08345
2vtt:A,1,272,42.830882352941174,Q00534
4eyj:A,1,338,42.751479289940825,P45984
4z0k:A;4zae:A,2,234,42.73504273504273,P00742
3ezr:A,1,273,42.67399267399267,Q00534
1p2a:A,1,271,42.61992619926199,Q00534
4yzu:A;5egm:A;5tnt:A,3,235,42.5531914893617,P00742
5zfi:A,1,224,42.1875,P00763
5y9l:A;5yjk:A,2,224,42.1875,P00760
5ekn:A,1,336,42.11309523809524,P45984
4yzu:B,1,57,42.10526315789474,P00742
4pmm:A,1,285,42.10526315789474,Q08345
5kbq:A,1,289,42.04152249134948,Q9Y6E0
1ung:A,1,288,42.013888888888886,Q00534
4o0t:A,1,292,41.60958904109589,Q9Y6E0
4pms:A,1,283,41.51943462897526,Q08345
5d1j:A,1,265,41.509433962264154,Q00534
4o0r:A,1,293,41.467576791808874,Q9Y6E0
6b16:A,1,285,41.40350877192982,Q9Y6E0
1w7x:L,1,52,41.34615384615385,P00742
4zy4:A,1,288,41.31944444444444,Q9Y6E0
4ycu:A,1,505,41.29554655870445,Q9RHV9
4zy6:A,1,284,41.19718309859155,Q9Y6E0
4zji:A,1,278,41.18705035971223,Q9Y6E0
5dey:A,1,295,41.186440677966104,Q9Y6E0
4k9y:A,1,271,41.14391143911439,P54764
3o0g:B,1,264,41.09848484848485,Q00534
4ycw:A,1,501,41.093117408906885,Q9RHV9
4pmp:A,1,280,41.07142857142857,Q08345
1w0y:L;1w2k:L,2,133,40.97744360902256,P00742
4zjj:A,1,280,40.892857142857146,Q9Y6E0
2wqb:A,1,289,40.83044982698962,P22455
1pye:A,1,266,40.78947368421053,Q00534
4eqc:A,1,296,40.70945945945946,Q9Y6E0
1lyb:B,1,241,40.66390041493776,P00797
2o1v:A,1,578,40.65743944636678,P02829
4zy5:A,1,283,40.63604240282685,Q9Y6E0
1wqv:L;1wss:L;1z6j:L;2aei:L;2zp0:L,5,132,40.53030303030303,P00742
2o1v:B,1,575,40.52173913043478,P02829
4lxz:A;4ly1:A;5iwg:A,3,368,40.48913043478261,Q9BY41
4obz:B;4od9:B,2,240,40.416666666666664,P00797
2osc:A,1,255,40.3921568627451,P22455
5ix0:A;6g3o:A,2,369,40.37940379403794,Q9BY41
1oiq:A,1,264,40.34090909090909,Q00534
4oc6:B;4oc6:D,2,243,40.32921810699588,P00797
3max:A,1,367,40.32697547683924,Q9BY41
2c4f:L,1,129,40.310077519379846,P00742
4ycu:B,1,499,40.283400809716596,Q9RHV9
4tpm:A;4tpm:B;4tpm:C,3,303,40.26402640264026,O76074
4gu6:A,1,271,40.22140221402214,P00519
4ymj:A,1,270,40.18518518518518,Q08345
3uuo:A,1,305,40.16393442622951,O76074
2oo8:X,1,259,40.15444015444015,P22455
4u43:B,1,302,40.06622516556291,Q9Y6E0
5c29:A,1,307,40.06514657980456,O76074
4u44:B,1,296,40.03378378378378,Q9Y6E0
5wr7:A,1,301,40.033222591362126,Q08345
4muw:B,1,306,40.032679738562095,O76074
4tpp:A;4tpp:B;4tpp:C,3,305,40.0,O76074
4phw:A;4phw:B,2,305,40.0,O76074
4bah:A,1,30,40.0,Q8IXJ6
4ayv:A;4ayy:A;4az2:A,3,30,40.0,Q8IXJ6
5ime:A,1,280,40.0,Q9Y6E0
1ba8:A;1bhx:A;1c4u:1,3,30,40.0,Q8IXJ6
2ovv:A,1,304,39.9671052631579,O76074
4mvh:A;4p0n:A;4p0n:B;4p0n:C,4,307,39.90228013029316,O76074
4obz:D,1,237,39.87341772151899,P00797
3wyk:A;3wyk:B;3wyl:A;3wym:A;3wym:B,8,315,39.84126984126984,O76074
3hqy:A;3hqz:A;3hr1:A;3qpn:A;3qpo:A,6,305,39.83606557377049,O76074
4pg3:B,1,486,39.81481481481482,Q9RHV9
4mvh:B,1,308,39.77272727272727,O76074
5dh4:A,1,307,39.73941368078176,O76074
3ui7:A,1,315,39.682539682539684,O76074
2y0j:A,1,314,39.64968152866242,O76074
3qqu:A,1,285,39.64912280701754,P00519
4obp:A,1,285,39.64912280701754,Q9Y6E0
4obq:B,1,293,39.59044368600683,Q9Y6E0
4ys7:B,1,317,39.58990536277602,O76074
3v5q:A,1,263,39.543726235741445,Q08345
4ael:A,1,320,39.53125,O76074
2etm:A,1,262,39.50381679389313,P54764
4u45:B,1,295,39.49152542372882,Q9Y6E0
4ddl:A;4ddl:B;4ddl:C;4heu:A;4heu:B,13,318,39.465408805031444,O76074
4yps:A,1,280,39.464285714285715,Q08345
4ys7:A,1,322,39.440993788819874,O76074
5h3q:A,1,303,39.43894389438944,Q08345
1hdt:L,1,33,39.39393939393939,Q8IXJ6
2wey:A;3wi2:A;3ws8:A;3ws9:A,4,324,39.351851851851855,O76074
5uwf:C,1,323,39.31888544891641,O76074
4zo5:A;4zo5:B;5c2a:A;5c2e:A;5c2e:B,5,323,39.31888544891641,O76074
5c2h:B,1,322,39.285714285714285,O76074
4pg3:A,1,484,39.256198347107436,Q9RHV9
3d94:A;3d94:B,2,288,39.236111111111114,P00519
5c1w:A;5c28:A,2,325,39.23076923076923,O76074
3emg:A,1,255,39.21568627450981,P00519
4p90:A,1,272,39.154411764705884,Q9Y6E0
4k8a:B,1,258,39.14728682170543,P54764
4yne:A,1,281,39.145907473309606,Q08345
3sn7:A;3sni:A;4fcd:A,3,322,39.130434782608695,O76074
4zk5:B,1,294,39.1156462585034,Q9Y6E0
5edi:A,1,312,39.1025641025641,O76074
5i2r:A,1,312,39.1025641025641,O76074
1cbr:A;1cbr:B,2,136,39.097744360902254,P05413
6hm6:A,1,260,39.03846153846154,P00519
5hzn:A,1,296,39.020270270270274,P00519
4pmt:A,1,273,39.010989010989015,Q08345
4zlo:A,1,277,38.98916967509025,Q9Y6E0
5dh5:A,1,321,38.940809968847354,O76074
4obo:A,1,275,38.90909090909091,Q9Y6E0
3i81:A,1,296,38.851351351351354,P00519
4rss:A,1,269,38.847583643122675,P00519
3e0p:B,1,246,38.82113821138211,Q15661
4zk5:A,1,286,38.81118881118881,Q9Y6E0
4u44:A,1,286,38.81118881118881,Q9Y6E0
3f5p:A,1,299,38.79598662207358,P00519
4puz:A,1,263,38.78326996197718,P00519
4gu6:B,1,258,38.75968992248062,P54764
4u45:A,1,289,38.75432525951557,Q9Y6E0
4px6:A,1,262,38.74045801526717,P00519
6hth:A,1,386,38.726790450928384,Q9BY41
6hqy:A,1,397,38.726790450928384,Q9BY41
6hsz:A,1,395,38.726790450928384,Q9BY41
3tu7:L,1,31,38.70967741935484,Q8IXJ6
2fes:L,1,31,38.70967741935484,Q8IXJ6
6fe0:A;6fe0:B,2,239,38.70292887029289,O43570
5ghv:A,1,265,38.679245283018865,P00519
3e16:B,1,247,38.663967611336034,Q15661
5lmb:A,1,264,38.63636363636363,P00519
4xg4:A;5t68:B,2,264,38.63636363636363,P00519
4i4f:A,1,255,38.627450980392155,P00519
4cqf:A,1,398,38.59416445623342,Q9BY41
6hu1:A,1,399,38.59416445623342,Q9BY41
5fue:A,1,398,38.59416445623342,Q9BY41
6ht8:A,1,398,38.59416445623342,Q9BY41
6gx3:A,1,397,38.59416445623342,Q9BY41
4h1j:A,1,263,38.59315589353612,P00519
5lma:A,1,267,38.57677902621723,P00519
4msc:A,1,328,38.56707317073171,O76074
4xg8:A,1,258,38.565891472868216,P00519
3srv:A,1,262,38.54961832061068,P00519
2zm3:A,1,300,38.5,P00519
4llk:A;4llp:A;4llx:A;4lm2:A;4lm4:A,11,330,38.484848484848484,O76074
6g98:B,1,243,38.477366255144034,O43570
4mha:A,1,256,38.4765625,P00519
6htg:A,1,399,38.46153846153846,Q9BY41
4llj:A,1,329,38.44984802431611,O76074
4rx7:A,1,272,38.419117647058826,P00519
5c26:A,1,272,38.419117647058826,P00519
3bz3:A,1,259,38.41698841698842,P00519
4xg9:A,1,259,38.41698841698842,P00519
3o23:A,1,293,38.39590443686007,P11362
6g98:A;6g9u:A;6g9u:B,3,241,38.38174273858921,O43570
4lm3:A,1,331,38.368580060422964,O76074
6dki:A,1,279,38.35125448028674,Q08345
5t68:A,1,266,38.34586466165413,P00519
6hu0:A,1,387,38.3289124668435,Q9BY41
4u43:A,1,287,38.32752613240418,Q9Y6E0
4dfn:A,1,269,38.28996282527881,P00519
4rx8:A,1,269,38.28996282527881,P00519
3tcp:A,1,256,38.28125,P00519
4qp7:A,1,337,38.27893175074184,P45984
4lm1:A,1,332,38.25301204819277,O76074
1o0d:L;2a2x:L;2ank:L;2anm:L,4,34,38.23529411764706,Q8IXJ6
5cy3:A,1,276,38.22463768115942,P00519
5kbr:A,1,259,38.22393822393823,Q9Y6E0
3fzt:A,1,259,38.22393822393823,P00519
6hrq:A;6htz:A,2,401,38.19628647214854,Q9BY41
4ish:L;4jyu:L;4jyv:L;4jzd:L;4jze:L,15,55,38.18181818181818,P00742
3fqh:A;4xg3:A,2,262,38.16793893129771,P00519
4d2r:A,1,300,38.166666666666664,P00519
4xg7:A,1,266,38.1578947368421,P00519
3vf9:A,1,265,38.113207547169814,P00519
3vf8:A,1,265,38.113207547169814,P00519
5cxz:A,1,269,38.10408921933085,P00519
3fqe:A,1,269,38.10408921933085,P00519
5di1:A,1,285,38.07017543859649,Q9Y6E0
4i0r:A,1,264,38.06818181818182,P00519
6hsh:A,1,404,38.06366047745358,Q9BY41
6hti:A,1,399,38.06366047745358,Q9BY41
6hu2:A,1,401,38.06366047745358,Q9BY41
1xbb:A;3fqs:A,2,268,38.059701492537314,P00519
3nw7:A,1,297,38.04713804713805,P00519
3nw6:A,1,301,38.03986710963455,P00519
5y5t:A,1,263,38.02281368821293,P00519
5ax9:A,1,282,37.94326241134752,Q9Y6E0
3et7:A;3fzr:A,2,261,37.93103448275862,P00519
3nw5:A,1,302,37.913907284768214,P00519
4qp9:A,1,335,37.91044776119403,P45984
4rx9:A,1,268,37.87313432835821,P00519
1xbc:A,1,268,37.87313432835821,P00519
6dkg:A,1,276,37.86231884057971,Q08345
5fl4:A;5fl5:A;5fl6:A,3,251,37.84860557768924,O43570
4k8a:A,1,251,37.84860557768924,P54764
6hm7:A,1,267,37.827715355805246,P00519
4xg6:A,1,271,37.82287822878229,P00519
1w7x:H;5tqg:H,2,250,37.8,P00742
6hu3:A,1,401,37.79840848806366,Q9BY41
4qpa:A,1,331,37.764350453172206,P45984
4qp8:A,1,335,37.76119402985075,P45984
4qp6:A,1,339,37.75811209439528,P45984
5fxq:A,1,302,37.74834437086093,P00519
4kao:A,1,252,37.698412698412696,P00519
4h1m:A,1,256,37.6953125,P00519
4pv0:A,1,268,37.6865671641791,P00519
4qfr:A;4qfs:A,2,361,37.67313019390582,Q14680
4fyo:A;4i0s:A,2,267,37.640449438202246,P00519
4obq:A,1,275,37.63636363636363,Q9Y6E0
4ebv:A,1,262,37.595419847328245,P54764
4fz6:A,1,266,37.59398496240601,P00519
5cxh:A,1,277,37.545126353790614,P00519
5ax3:A,1,329,37.537993920972646,P45984
2ojg:A,1,337,37.53709198813056,P45984
5fxr:A,1,300,37.5,P00519
6dkb:A,1,272,37.5,Q08345
5duw:A,1,138,37.5,P47929
5jzn:A,1,268,37.5,P53355
5l30:L,1,56,37.5,P00742
4fob:A,1,295,37.45762711864407,P00519
3h3c:A,1,263,37.452471482889734,P00519
1w0y:H;1w2k:H,2,251,37.45019920318725,P00742
5l30:H;5u6j:H,2,251,37.45019920318725,P00742
1u59:A,1,282,37.4113475177305,P54764
3eqr:A,1,270,37.407407407407405,P00519
5tiu:A,1,266,37.40601503759399,P00519
5tqf:H,1,250,37.4,P00742
4xj0:A,1,345,37.391304347826086,P45984
4uxl:A;4uxl:B,2,289,37.37024221453287,P21802
2oji:A;2ojj:A,2,344,37.354651162790695,P45984
4qp2:A,1,336,37.351190476190474,P45984
4o6e:A,1,328,37.34756097560975,P45984
5tr6:A,1,272,37.31617647058823,P00519
5bui:A,1,338,37.27810650887574,P45984
5nhj:A;5nhl:A;5nhv:A,3,345,37.2463768115942,P45984
4i0t:A,1,266,37.21804511278196,P00519
5fxs:A,1,308,37.175324675324674,P00519
3g5k:A;3g5k:B,2,183,37.15846994535519,Q9FV53
4gu9:A,1,252,37.1031746031746,P54764
5tqe:H,1,252,37.1031746031746,P00742
4ebw:A,1,259,37.06563706563706,P00519
5tt7:A,1,274,37.043795620437955,P00519
4i4e:A,1,254,37.00787401574803,P54764
3fzs:A,1,254,37.00787401574803,P00519
1tvo:A;1wzy:A,2,350,37.0,P45984
5to8:A,1,250,37.0,P00519
4qp1:A,1,342,36.98830409356725,P45984
4k60:A,1,219,36.986301369863014,P35030
5byy:A,1,338,36.98224852071006,P45984
5nhp:A,1,338,36.98224852071006,P45984
5lck:A,1,345,36.95652173913044,P45984
6g9m:A,1,341,36.950146627565985,P45984
5nhh:A,1,348,36.92528735632184,P45984
5nho:A,1,343,36.880466472303205,P45984
4ewh:A,1,274,36.86131386861314,P00519
4yt7:L,1,57,36.8421052631579,P00742
4knb:A,1,273,36.81318681318681,P00519
1fq6:A;1fq7:A,2,329,36.77811550151976,P00797
1bb0:B,1,249,36.74698795180723,P00742
6ge0:A,1,343,36.734693877551024,P45984
5tob:A,1,245,36.734693877551024,P00519
4qta:A,1,335,36.71641791044776,P45984
1wqv:H;1wss:H;1z6j:H;2aei:H;2b7d:H,22,254,36.61417322834646,P00742
4qtb:A,1,351,36.60968660968661,P45984
5uoy:A;5up0:A,2,321,36.60436137071651,Q08499
4kp0:A,1,220,36.59090909090909,P35030
6g93:A;6g9h:A,2,343,36.588921282798836,P45984
6g9k:A,1,343,36.588921282798836,P45984
5ngu:A,1,339,36.57817109144543,P45984
5nhf:A,1,339,36.57817109144543,P45984
1ca8:B,1,249,36.54618473895582,P00742
6g9d:A,1,345,36.52173913043478,P45984
2gv6:A;2gv7:A;4jyt:A;4jz1:A;4jzi:A,7,241,36.51452282157676,P03951
6g9a:A,1,341,36.510263929618766,P45984
4q9s:A,1,252,36.507936507936506,P54764
5aa9:A,1,296,36.486486486486484,P00519
6g97:A,1,344,36.48255813953488,P45984
6g9n:A,1,344,36.48255813953488,P45984
5bue:A,1,329,36.474164133738604,P45984
6ckx:A,1,292,36.47260273972603,Q00534
6g9j:A,1,347,36.455331412103746,P45984
1gj4:H;1k22:H;2jh0:D;2jh6:D;2zc9:H,23,251,36.45418326693227,P00742
3snl:B,1,310,36.45161290322581,O76074
5w6e:A,1,321,36.44859813084112,Q08499
3i60:A,1,335,36.417910447761194,P45984
3i5z:A,1,331,36.404833836858,P45984
1o5g:L,1,33,36.36363636363637,P21860
3ekn:A,1,297,36.36363636363637,P07949
1k21:H;2gde:H,2,249,36.34538152610442,P00742
6g91:A,1,344,36.33720930232558,P45984
4cd0:A;4clj:A,2,296,36.317567567567565,P00519
4gg5:A,1,274,36.31386861313869,P29317
1a2c:H;1ba8:B;1c1u:H;1c4u:2;1c4v:2,9,252,36.30952380952381,P00742
5iui:A,1,303,36.303630363036305,P00519
5aaa:A,1,295,36.271186440677965,P00519
4joa:A,1,251,36.254980079681275,P00519
1p57:B,1,247,36.23481781376518,P03951
5aab:A,1,294,36.224489795918366,P00519
4npv:A,1,323,36.22291021671827,Q08499
5bvd:A;5bve:A,2,330,36.21212121212121,P45984
5l2z:L,1,58,36.206896551724135,P00742
1d3d:B;1d3p:B;1d3q:B;1ghw:H;1gj5:H,20,250,36.2,P00742
1vzq:H,1,250,36.2,P00742
1a46:H;1a5g:H;1a61:H;1b5g:H;1mu6:B,13,250,36.2,P00742
1w7g:H;4bah:B,2,253,36.16600790513834,P00742
6g92:A,1,343,36.15160349854227,P45984
4cmo:A,1,296,36.148648648648646,P00519
5yjp:A,1,220,36.13636363636363,P35030
1a2c:L;1awh:C;1c1u:L;1c4v:1;1c5o:L,12,36,36.111111111111114,Q8IXJ6
3n7o:A,1,223,36.09865470852018,P35030
1o5e:H,1,248,36.08870967741935,P03951
1a4w:H;1fpc:H,2,248,36.08870967741935,P00742
5fto:A,1,298,36.07382550335571,P00519
1ypg:H,1,251,36.05577689243028,P00742
1ypj:H;4ax9:H,2,251,36.05577689243028,P00742
1o2g:H;1tbz:H;2c8w:B;2c8x:B;2c8y:B,7,251,36.05577689243028,P00742
3zbx:A,1,283,36.042402826855124,P00519
4r1y:A,1,265,36.0377358490566,P11362
5b25:A,1,335,35.97014925373134,Q08499
2bvx:H;2bxu:H,2,253,35.96837944664031,P00742
3dux:H;3f68:H,2,249,35.94377510040161,P00742
1lhc:H;1lhd:H;1lhe:H;1lhf:H;1lhg:H,9,249,35.94377510040161,P00742
4cli:A;4cmu:A,2,295,35.932203389830505,P00519
5aa8:A,1,293,35.83617747440273,P00519
4cmt:A,1,288,35.763888888888886,P00519
4dff:B,1,277,35.74007220216607,O76074
4k2y:A,1,217,35.714285714285715,P35030
1uvs:H,1,241,35.684647302904565,P00742
5ftq:A,1,293,35.665529010238906,P00519
4aoi:A,1,289,35.6401384083045,P00519
3zbf:A,1,282,35.638297872340424,P54764
1uvt:H,1,247,35.62753036437247,P00742
5bvf:A,1,327,35.62691131498471,P45984
5iug:A,1,285,35.6140350877193,P00519
4gg7:A,1,278,35.611510791366904,P00519
5eob:A,1,288,35.59027777777778,P00519
4fod:A,1,308,35.55194805194805,P00519
2wgj:A;3zc5:A;3zxz:A;4ap7:A,4,290,35.51724137931034,P00519
5a9u:A;5aac:A,2,293,35.49488054607509,P00519
5kz0:A,1,293,35.49488054607509,P00519
4deg:A,1,286,35.48951048951049,P00519
2xb7:A,1,286,35.48951048951049,P00519
5eyd:A,1,289,35.46712802768166,P00519
5zwf:A;5zwh:A,2,237,35.44303797468354,O75469
5nhz:A;5ni0:A,2,230,35.43478260869565,P04190
4pxm:A,1,230,35.43478260869565,P62508
1c4y:2,1,254,35.43307086614173,P00742
3f66:A,1,288,35.416666666666664,P00519
4anq:A,1,294,35.374149659863946,P00519
4xyf:A,1,290,35.3448275862069,P00519
1x76:A;1x76:B;1x7b:B;1yy4:A;1yy4:B,6,225,35.333333333333336,P11474
3blr:A,1,300,35.333333333333336,Q00534
2x8e:A,1,259,35.32818532818533,Q7KZI7
2yfx:A,1,293,35.32423208191126,P00519
5yjm:A,1,218,35.321100917431195,P35030
4deh:A,1,286,35.31468531468531,P00519
4ym2:A,1,138,35.294117647058826,P47929
4xmo:A,1,289,35.294117647058826,P00519
6mx8:A,1,282,35.283687943262414,P00519
5t7s:A,1,146,35.273972602739725,P17931
3ccn:A,1,275,35.27272727272727,P00519
5iuh:A,1,285,35.26315789473684,P00519
3cd8:A,1,278,35.25179856115108,P00519
5eyc:A,1,288,35.24305555555556,P00519
1u3s:A,1,227,35.242290748898675,P11474
4oiv:A,1,210,35.23809523809524,Q13133
2wmr:A,1,254,35.23622047244095,Q7KZI7
3vrv:A,1,237,35.232067510548525,O75469
2brg:A,1,257,35.21400778210117,Q7KZI7
1u3s:B;1u9e:A,2,223,35.2017937219731,P11474
1u3q:A;1u3q:C,2,226,35.176991150442475,P11474
2ydk:A,1,263,35.17110266159696,Q7KZI7
5xpp:A,1,239,35.14644351464435,O75469
4c1d:A,1,232,35.12931034482759,P04190
2w8f:A;2w8f:B;2w8f:C;2w8f:D;2w8f:E,29,205,35.1219512195122,P58154
2wd1:A,1,289,35.121107266435985,P11362
3vru:A,1,238,35.08403361344538,O75469
2ayp:A;2e9v:A;2e9v:B;2yer:A,4,268,35.07462686567164,Q7KZI7
3tnh:A,1,288,35.06944444444444,Q00534
5i0b:A,1,288,35.06944444444444,Q9Y6E0
1yye:B,1,224,35.044642857142854,P11474
4dei:A,1,287,35.01742160278746,P00519
2zmj:A;3vtb:A;3vtc:A;3vtd:A;3wt5:A,9,240,35.0,O75469
2ym6:A,1,253,34.980237154150196,Q7KZI7
1t31:A;2hvx:A;3s0n:A,3,226,34.95575221238938,P00763
1iau:A,1,226,34.95575221238938,P00763
2e9n:A;2e9o:A;2e9u:A;2yex:A;2ywp:A,5,269,34.94423791821561,Q7KZI7
3ap4:A,1,146,34.93150684931507,P17931
2c3k:A,1,262,34.9236641221374,Q7KZI7
2ydj:A,1,252,34.92063492063492,Q7KZI7
3aox:A,1,298,34.899328859060404,P00519
3lq8:A,1,278,34.89208633093525,P29317
5fck:A,1,225,34.888888888888886,P35030
4k69:A,1,215,34.883720930232556,P35030
2bys:A,1,205,34.8780487804878,P58154
3vrw:A,1,238,34.87394957983193,O75469
3vrt:A,1,238,34.87394957983193,O75469
1x78:A;1x78:B;1x7b:A;1yye:A;2nv7:A,5,228,34.86842105263158,P11474
2x8i:A,1,261,34.86590038314176,Q7KZI7
5acx:A,1,231,34.84848484848485,P04190
2i0g:A;2z4b:A,2,221,34.841628959276015,P11474
2o3z:A;2o3z:B,2,267,34.831460674157306,P47205
4o0v:A;4o0x:A;4o0y:A;5bms:A,4,290,34.827586206896555,Q9Y6E0
4njd:A,1,290,34.827586206896555,Q9Y6E0
2c3j:A,1,257,34.824902723735406,Q7KZI7
4hyh:A,1,263,34.79087452471483,Q7KZI7
2brm:A,1,263,34.79087452471483,Q7KZI7
3nrm:A,1,263,34.79087452471483,O15530
2wtv:A,1,262,34.732824427480914,O15530
1rjk:A,1,239,34.72803347280335,O75469
6fug:A,1,216,34.72222222222222,P35030
1ets:L;1ett:L,2,36,34.72222222222222,Q8IXJ6
4dce:A,1,288,34.72222222222222,P00519
2x4z:A,1,291,34.707903780068726,Q9Y6E0
3u9n:A,1,258,34.689922480620154,Q7KZI7
2i0g:B,1,222,34.68468468468468,P11474
3pa3:A,1,261,34.67432950191571,Q7KZI7
4fnz:A,1,287,34.66898954703833,P00519
1u3r:A,1,231,34.63203463203463,P11474
2brh:A,1,257,34.63035019455253,Q7KZI7
2wmw:A,1,247,34.61538461538461,Q7KZI7
5ya5:A,1,273,34.61538461538461,P00519
5xvf:A,1,289,34.602076124567475,Q9Y6E0
4app:A,1,292,34.58904109589041,Q9Y6E0
5xva:A;5xvg:A,2,292,34.58904109589041,Q9Y6E0
4jbo:A,1,266,34.58646616541353,O15530
2o4j:A;2o4r:A;4ynk:A,3,240,34.583333333333336,O75469
1u3r:B,1,227,34.581497797356825,P11474
5acb:C,1,324,34.5679012345679,Q00534
3a4p:A,1,285,34.56140350877193,P00519
3pa4:A,1,259,34.55598455598456,Q7KZI7
2wmu:A,1,246,34.552845528455286,Q7KZI7
2brn:A,1,268,34.514925373134325,Q7KZI7
2xba:A,1,284,34.50704225352113,P00519
5f4n:A,1,258,34.49612403100775,Q7KZI7
2xm9:A;2xm9:B,2,287,34.494773519163765,P51812
4mxc:A,1,290,34.48275862068966,P00519
3ot3:A,1,261,34.48275862068966,Q7KZI7
2b1z:A,1,232,34.48275862068966,P62508
2wmx:A,1,248,34.475806451612904,Q7KZI7
2ym5:A,1,248,34.475806451612904,Q7KZI7
3uo6:A;3uoh:A,2,264,34.46969696969697,O15530
1nvq:A;1nvr:A;1nvs:A;4qyg:A;4qyh:A,7,264,34.46969696969697,Q7KZI7
3up7:A,1,264,34.46969696969697,O15530
2j4z:A,1,264,34.46969696969697,O15530
4deb:A,1,264,34.46969696969697,O15530
3i5n:A,1,280,34.464285714285715,P11362
3c84:D,1,209,34.44976076555024,P58154
5nba:A,1,225,34.44444444444444,P35030
4a9r:A;4a9r:B,2,286,34.44055944055944,P51812
4cnh:A,1,286,34.44055944055944,P00519
6fut:A,1,228,34.42982456140351,P35030
1zaf:A;1zaf:B,2,228,34.42982456140351,P11474
1t1s:A;1t1s:B,2,398,34.42211055276382,Q8IKG4
2bdy:A,1,276,34.42028985507246,P00742
2ym3:A,1,247,34.412955465587046,Q7KZI7
5hor:A,1,247,34.412955465587046,P00519
2cn8:A;2cn8:B,2,266,34.3984962406015,P51812
3rhk:A,1,298,34.395973154362416,P00519
3f9n:A,1,253,34.387351778656125,Q7KZI7
2gdo:A,1,269,34.386617100371744,Q7KZI7
4hyi:A,1,269,34.386617100371744,Q7KZI7
2z4b:B,1,224,34.375,P11474
3c84:C,1,208,34.375,P58154
2br1:A;2brb:A;2bro:A;2hxl:A;2hxq:A,5,272,34.375,Q7KZI7
2jj3:A,1,224,34.375,P11474
3uok:A,1,265,34.339622641509436,O15530
4ded:A,1,265,34.339622641509436,O15530
4jaj:A,1,265,34.339622641509436,O15530
2xez:A,1,249,34.33734939759036,Q7KZI7
5b5b:A,1,249,34.33734939759036,O75469
4mga:B,1,233,34.33476394849785,P62508
5hlw:A,1,284,34.33098591549296,P00519
2xey:A,1,252,34.32539682539682,Q7KZI7
4qye:A,1,271,34.31734317343174,Q7KZI7
1ie9:A,1,255,34.31372549019608,O75469
4a9t:A;4a9t:B,2,290,34.310344827586206,P51812
4bcj:A,1,309,34.3042071197411,Q00534
1awf:H;1bmm:H;1dwc:H;1dwd:H,4,258,34.30232558139535,P00742
1g37:A,1,277,34.29602888086642,P00742
2x8d:A;2ydi:A,2,280,34.285714285714285,Q7KZI7
3c84:A,1,210,34.285714285714285,P58154
5acw:A;5acx:B,2,232,34.26724137931034,P04190
2xf0:A,1,251,34.26294820717131,Q7KZI7
1nm6:A;1nt1:A;1ta2:A;1ta6:A;1z71:A,7,276,34.23913043478261,P00742
1d9i:A,1,279,34.229390681003586,P00742
3unz:A;3uoj:A;3uol:A,3,263,34.22053231939164,O15530
3uo4:A;3uod:A;3up2:A;4dea:A,4,266,34.21052631578947,O15530
4e93:A,1,361,34.21052631578947,P00519
2j7x:A,1,228,34.21052631578947,P11474
3os3:A,1,272,34.19117647058823,Q9Y6E0
2hog:A;2hy0:A;3tki:A,3,272,34.19117647058823,Q7KZI7
1s19:A,1,253,34.1897233201581,O75469
2qa8:B,1,234,34.18803418803419,P62508
2wtw:A,1,256,34.1796875,O15530
1awh:D;1hdt:H;1ny2:2;1qhr:B;1qj1:B,6,259,34.16988416988417,P00742
3bv9:B,1,259,34.16988416988417,P00742
2c3l:A,1,265,34.15094339622642,Q7KZI7
2vrx:A,1,268,34.14179104477612,P31751
2b1v:A;2fai:A,2,233,34.12017167381974,P62508
3ot8:A,1,255,34.11764705882353,Q7KZI7
5nar:A,1,217,34.10138248847926,P35030
4a9s:A;4a9s:B,2,283,34.09893992932862,P51812
3e5a:A,1,264,34.09090909090909,O15530
4bci:A,1,308,34.09090909090909,Q00534
3uo5:A,1,267,34.08239700374532,O15530
2wmv:A,1,251,34.06374501992032,Q7KZI7
2ym4:A,1,251,34.06374501992032,Q7KZI7
3dct:A,1,229,34.06113537117904,Q13133
1r0p:A,1,301,34.053156146179404,P00519
3c84:B,1,210,34.04761904761905,P58154
1bmn:H;4ayv:B;4ayy:B;4az2:B,4,257,34.04669260700389,P00742
3pa5:A,1,257,34.04669260700389,Q7KZI7
4bcf:A,1,307,34.039087947882734,Q00534
3ha6:A;3ha6:C,2,263,34.03041825095057,O15530
2qtu:A,1,219,34.018264840182646,P11474
3q6w:A,1,297,34.00673400673401,P00519
5hoa:A,1,225,34.0,P00519
1d6w:A,1,278,33.992805755395686,P00742
2bys:C,1,203,33.99014778325123,P58154
2bys:B,1,206,33.980582524271846,P58154
5ho6:A,1,240,33.958333333333336,P11362
2ym8:A,1,246,33.94308943089431,Q7KZI7
2jj3:B,1,227,33.92070484581498,P11474
4dhf:A,1,258,33.91472868217054,O15530
2bys:D,1,205,33.90243902439025,P58154
3c84:E,1,205,33.90243902439025,P58154
4mh7:A,1,248,33.87096774193548,P00519
5q0n:A;5q1f:A;5q1h:A,3,229,33.842794759825324,Q13133
5q1c:A,1,229,33.842794759825324,Q13133
2r0u:A,1,269,33.82899628252788,Q7KZI7
3wig:A,1,278,33.81294964028777,Q9Y6E0
2wtc:A,1,284,33.80281690140845,P51812
1db1:A,1,250,33.8,O75469
5nb6:A,1,216,33.7962962962963,P35030
3jvs:A,1,256,33.7890625,Q7KZI7
5op5:A,1,259,33.78378378378378,Q7KZI7
3r7o:A;4iwd:A,2,299,33.779264214046826,P00519
2w1c:A,1,262,33.778625954198475,O15530
3ap7:A,1,151,33.77483443708609,P17931
2xm8:A;2xm8:B,2,265,33.77358490566038,P51812
2bys:E,1,206,33.737864077669904,P58154
3okh:A,1,227,33.70044052863436,Q13133
3oki:A;3olf:A;3omm:A;3oof:A;3ook:A,18,230,33.69565217391305,Q13133
2wtd:A,1,285,33.68421052631579,P51812
1fyr:A,1,95,33.68421052631579,P00519
3dkf:A,1,294,33.673469387755105,P00519
2ym7:A,1,248,33.66935483870968,Q7KZI7
4hfp:B,1,257,33.65758754863813,P00742
3tkh:A,1,269,33.64312267657993,Q7KZI7
1ets:H;1ett:H,2,259,33.59073359073359,P00742
2qhn:A,1,268,33.582089552238806,Q7KZI7
3orn:A,1,280,33.57142857142857,Q9Y6E0
3qti:A,1,292,33.56164383561644,P00519
2qtu:B,1,222,33.55855855855856,P11474
3lq5:A,1,307,33.55048859934853,Q00534
2x6d:A,1,255,33.529411764705884,O15530
4rvl:A,1,258,33.52713178294574,Q7KZI7
4a9u:A;4a9u:B,2,288,33.50694444444444,P51812
4mg9:B,1,230,33.47826086956522,P62508
4zs0:A,1,257,33.463035019455255,O15530
5eyk:A,1,263,33.460076045627375,P31751
1kyn:A,1,223,33.408071748878925,P00763
5q13:A,1,232,33.4051724137931,Q13133
1x7e:A;1x7e:B,2,238,33.403361344537814,P62508
2np8:A,1,256,33.3984375,O15530
4bcg:A,1,312,33.333333333333336,Q00534
3e5a:B,1,33,33.333333333333336,Q8N1Q1
1cj1:A;1cj1:B,2,96,33.333333333333336,P00519
4an2:A;4anb:A,2,282,33.333333333333336,Q9Y6E0
5fbe:A;5fbi:A;5mt4:A;5naw:A;5tca:A,9,228,33.333333333333336,P35030
3my1:A,1,314,33.28025477707006,Q00534
4rn6:A,1,284,33.274647887323944,P00742
4byi:A,1,254,33.267716535433074,O15530
1zky:A,1,236,33.26271186440678,P62508
1t32:A,1,224,33.25892857142857,P00763
1err:A,1,224,33.25892857142857,P62508
4oiv:B,1,218,33.25688073394495,Q13133
2w8g:C,1,217,33.17972350230415,P58154
3r22:A,1,255,33.13725490196079,O15530
5ak2:B,1,210,33.095238095238095,P62508
5fqs:A;5fqs:B;5fqt:A;5fqt:B;5fqv:A,6,233,33.047210300429185,P62508
5mt0:A;5nb7:A,2,230,33.04347826086956,P35030
6fui:A,1,227,33.03964757709251,P35030
4flp:A,1,106,33.0188679245283,Q86U86
3m11:A,1,256,33.0078125,O15530
1x0n:A,1,100,33.0,P00519
2b1z:B,1,235,32.97872340425532,P62508
4uzd:B;4uzd:D,2,258,32.945736434108525,O15530
1nde:A,1,231,32.900432900432904,P11474
2giu:A;2giu:B,2,225,32.888888888888886,P11474
3fxv:A;5q0x:A,2,222,32.88288288288288,Q13133
5one:A,1,257,32.87937743190661,O15530
4uzd:A;4uzd:C,2,254,32.874015748031496,O15530
2xru:A,1,254,32.874015748031496,O15530
3r21:A,1,254,32.874015748031496,O15530
6cjh:A;6ck3:A;6ck6:A;6cki:A,4,271,32.84132841328413,P51812
2j50:A,1,250,32.8,O15530
4ztq:A,1,247,32.79352226720648,O15530
5t92:B,1,183,32.78688524590164,P62508
4htx:C,1,325,32.76923076923077,O76074
4jbp:A,1,255,32.745098039215684,O15530
2w1g:A,1,255,32.745098039215684,O15530
4an9:A,1,281,32.74021352313167,Q9Y6E0
2w1d:A,1,252,32.73809523809524,O15530
3myg:A,1,252,32.73809523809524,O15530
2x6e:A,1,249,32.730923694779115,O15530
5ew9:A,1,257,32.68482490272373,O15530
1qkn:A;1qkn:B,2,228,32.675438596491226,P11474
1bm2:A;1fyr:B;3mxc:A,3,98,32.6530612244898,P00519
1zfp:E,1,98,32.6530612244898,P00519
3ebh:A;3q43:A;3q44:A;4r5v:A;4zw3:A,7,889,32.64367816091954,P04825
3t8v:A,1,889,32.64367816091954,P04825
5a0a:E;5a8y:A,2,216,32.638888888888886,P08519
2w1e:A,1,253,32.608695652173914,O15530
2qe4:A,1,207,32.608695652173914,P62508
1jwt:A,1,299,32.608695652173914,P00742
2jbo:A,1,296,32.601351351351354,Q15418
4jib:C,1,327,32.56880733944954,O76074
5a0b:A;5a8x:A;5a8z:A,3,215,32.55813953488372,P08519
1uom:A;1uom:B,2,232,32.543103448275865,P62508
4r5x:A,1,888,32.52873563218391,P04825
4pxm:B,1,226,32.52212389380531,P62508
3k5u:A,1,260,32.5,O15530
2w1f:A,1,254,32.48031496062992,O15530
5fqr:A;5fqr:B,2,228,32.45614035087719,P62508
5fqp:A,1,242,32.43801652892562,P62508
5q0l:A,1,221,32.35294117647059,Q13133
6hjk:A,1,255,32.35294117647059,O15530
1fcx:A;1fcz:A;1fd0:A,3,235,32.340425531914896,P55055
1h1b:A;1h1b:B;3q77:A;5a09:A;5a0c:A,5,218,32.3394495412844,P08519
4an3:A,1,280,32.32142857142857,Q9Y6E0
4m3q:A,1,243,32.30452674897119,P00519
2pzy:A,1,291,32.302405498281786,Q15418
1jyq:A;1jyq:B,2,96,32.291666666666664,P00519
3kc3:A,1,288,32.291666666666664,Q15418
4jib:B,1,336,32.291666666666664,O76074
2c6e:A,1,251,32.27091633466136,O15530
5tz3:A;5tza:A;5tzh:A;5u00:A;6c7g:A,5,341,32.25806451612903,O76074
2p15:B,1,242,32.231404958677686,P62508
6hjj:A,1,256,32.2265625,O15530
1fcy:A,1,236,32.20338983050848,P55055
3h0y:A;3h0y:B,2,250,32.2,O15530
3coh:A,1,247,32.18623481781376,O15530
5vp0:A,1,334,32.18562874251497,O76074
4r5t:A,1,886,32.18390804597701,P04825
5tzw:A;5tzx:A;5tzz:A;6c7d:A;6c7e:A,7,342,32.16374269005848,O76074
3vap:A;4ztr:A,2,249,32.1285140562249,O15530
3itu:A;4htx:A;5u7d:A;5u7i:A;5u7j:A,5,338,32.10059171597633,O76074
4jib:D,1,335,32.08955223880597,O76074
3ce3:A;3l8v:A,2,293,32.081911262798634,P00519
4prj:A,1,251,32.07171314741036,O15530
5tzc:A,1,343,32.06997084548105,O76074
4jib:A;5u7k:A,2,340,32.05882352941177,O76074
3h0z:A,1,248,32.056451612903224,O15530
3qs1:C;3qs1:D,2,326,32.05521472392638,P00797
4l9i:A,1,504,32.05128205128205,P17612
1a52:A,1,239,32.00836820083682,P62508
4d08:A;5u7l:A;6c7f:A,3,339,32.00589970501475,O76074
4wno:A,1,272,31.985294117647058,Q7KZI7
3r2b:A,1,272,31.985294117647058,Q15418
5t92:A,1,183,31.9672131147541,P62508
3qs1:A;3qs1:B,2,327,31.95718654434251,P00797
4jai:A,1,249,31.927710843373493,O15530
4zts:A,1,249,31.927710843373493,O15530
5t97:A,1,177,31.92090395480226,P62508
4d09:A;5xkm:A,2,340,31.91176470588235,O76074
2ayr:A,1,246,31.910569105691057,P62508
2i0j:A,1,221,31.900452488687783,P62508
3mbl:A;3mbl:B,2,290,31.896551724137932,Q9Y6E0
2iog:A;2iog:B,2,243,31.893004115226336,P62508
1b0f:A,1,218,31.880733944954127,P08519
1a52:B,1,240,31.875,P62508
4wnp:A,1,273,31.86813186813187,Q7KZI7
3cth:A,1,295,31.864406779661017,P00519
3f82:A,1,278,31.834532374100718,P00519
4af3:A,1,253,31.818181818181817,O15530
2y1d:B;2y1g:B;3zhx:B;3zhz:B,4,379,31.79419525065963,Q8IKG4
4ark:A;4ark:B,2,291,31.786941580756015,Q9Y6E0
4b0g:A,1,247,31.781376518218625,O15530
4mg9:A,1,241,31.74273858921162,P62508
2b1v:B,1,241,31.74273858921162,P62508
1doj:A,1,293,31.74061433447099,P00742
3kc3:F,1,293,31.74061433447099,Q15418
5vil:A;5vio:A,2,271,31.73431734317343,Q9Y6E0
4uyn:A,1,249,31.72690763052209,O15530
5uor:A,1,249,31.72690763052209,Q9Y6E0
4byj:A,1,246,31.70731707317073,O15530
3ove:A;3s8l:A;3s8n:A;3s8o:A,4,101,31.683168316831683,P00519
3u6i:A,1,281,31.672597864768683,P00519
3dkg:A,1,281,31.672597864768683,P00519
2qa8:A,1,229,31.65938864628821,P11474
1qkt:A;1qkt:B,2,248,31.653225806451612,P62508
6b96:A;6b97:A,2,343,31.632653061224488,O76074
1xp1:A;1xp1:B;1xp6:A;1xp6:B;1xp9:A,8,245,31.632653061224488,P62508
1zky:B,1,242,31.611570247933884,P62508
2fai:B,1,242,31.611570247933884,P62508
4mga:A,1,239,31.589958158995817,P62508
3vw6:A,1,255,31.568627450980394,Q9Y6E0
5uox:A,1,263,31.55893536121673,Q9Y6E0
3kc3:H,1,290,31.551724137931036,Q15418
6b98:A,1,344,31.540697674418606,O76074
5ci7:A,1,276,31.52173913043478,Q7KZI7
4lmn:A,1,292,31.506849315068493,Q9Y6E0
6c7r:A,1,108,31.48148148148148,Q86U86
1xap:A,1,232,31.46551724137931,P55055
3efw:A,1,240,31.458333333333332,O15530
3efk:B,1,272,31.433823529411764,P00519
5up3:A,1,258,31.3953488372093,Q9Y6E0
1g50:A;1g50:B,2,247,31.37651821862348,P62508
3ert:A;3ert:B,2,247,31.37651821862348,P62508
2qe4:B,1,204,31.372549019607842,P62508
3ov1:A,1,102,31.372549019607842,P00519
4uzh:A,1,252,31.349206349206348,O15530
5xkm:E,1,319,31.34796238244514,O76074
1sj0:A;1sj0:B,2,243,31.275720164609055,P62508
1qku:A;1qku:B,2,250,31.2,P62508
4pni:A;4pni:B,2,492,31.196581196581196,P17612
4l9i:B,1,493,31.196581196581196,P17612
5v24:A,1,249,31.12449799196787,Q9Y6E0
4bib:A;4bid:A,2,254,31.10236220472441,Q9Y6E0
4yht:A,1,256,31.0546875,P07948
2x81:A,1,242,30.99173553719008,O15530
3efj:A;3efk:A,2,276,30.97826086956522,P00519
3zi0:B,1,373,30.96514745308311,Q8IKG4
3e8n:A,1,291,30.927835051546392,Q9Y6E0
1w6h:A,1,325,30.923076923076923,P00797
2iok:B,1,228,30.92105263157895,P62508
2jbp:A,1,283,30.918727915194346,Q15418
2xne:A,1,246,30.89430894308943,O15530
4bhn:A,1,256,30.859375,Q9Y6E0
3i97:A,1,154,30.844155844155843,Q08345
3vw6:B,1,253,30.8300395256917,Q9Y6E0
1lf3:A,1,331,30.815709969788518,P00797
2r6w:B,1,223,30.717488789237667,P62508
1sme:A;2igx:A;2igy:A;4y6m:A,4,329,30.699088145896656,P00797
4cku:F;4cku:C;4ya8:A;4z22:A,4,329,30.699088145896656,P00797
6fmf:A,1,155,30.64516129032258,Q08345
3v01:A;3v04:A,2,289,30.622837370242216,Q9Y6E0
2y1g:A,1,374,30.614973262032084,Q8IKG4
4dbn:B;4fc0:B,2,263,30.60836501901141,P07948
2rfn:A,1,268,30.597014925373134,P00519
4bic:A,1,260,30.576923076923077,Q9Y6E0
4e26:A,1,270,30.555555555555557,P07948
5lvq:A;5lvr:A,2,108,30.555555555555557,Q86U86
3efj:B,1,275,30.545454545454547,P00519
4bie:A,1,257,30.544747081712064,Q9Y6E0
4e4x:A;4pp7:A,2,267,30.524344569288388,P07948
5fd2:A,1,264,30.492424242424242,P07948
5y2f:A,1,297,30.48780487804878,Q9WYW0
4ehe:B;4mbj:B,2,276,30.434782608695652,P07948
2q70:A,1,235,30.425531914893618,P62508
1err:B,1,222,30.405405405405407,P62508
6fmc:A,1,158,30.379746835443036,Q08345
2p15:A,1,242,30.371900826446282,P62508
5t97:B,1,191,30.36649214659686,P62508
3c1x:A,1,290,30.344827586206897,P00519
3q96:B,1,262,30.34351145038168,P07948
4cku:A;4cku:B,2,323,30.340557275541794,P00797
2fb8:A,1,259,30.30888030888031,P07948
4bb2:B,1,33,30.303030303030305,P17612
4mbj:A,1,269,30.297397769516728,P07948
3kb7:A;3kb7:B,2,289,30.27681660899654,Q14680
1bhx:B;1riw:B,2,147,30.272108843537413,P00742
5csx:A,1,261,30.268199233716476,P06241
4ehe:A,1,266,30.263157894736842,P07948
3zhx:A,1,372,30.241935483870968,Q8IKG4
6b8u:A,1,253,30.23715415019763,P07948
5jrq:A,1,258,30.232558139534884,P06241
2i0j:B,1,227,30.176211453744493,P62508
2r6y:A,1,232,30.17241379310345,P62508
3ii5:A,1,262,30.15267175572519,P07948
5ccm:A,1,423,30.141843971631207,Q9NRG4
3thb:A,1,287,30.139372822299652,Q14680
3zhz:A,1,365,30.136986301369863,Q8IKG4
3zi0:A,1,357,30.11204481792717,Q8IKG4
3ctj:A,1,289,30.103806228373703,P00519
1xqc:B,1,221,30.09049773755656,P62508
4exs:B,1,231,30.086580086580085,P52699
4a4l:A;4a4l:B;4a4o:A;4a4o:B,4,291,30.06872852233677,Q14680
2cvd:A;2cvd:D;3vi5:A;3vi5:D;3vi7:A,6,198,30.050505050505052,P09792
2vcw:A;2vcw:B;2vcx:A;2vcx:B;2vd0:A,14,198,30.050505050505052,P09792
3tv6:A,1,268,30.03731343283582,P07948
5ccl:A,1,425,30.0,Q9NRG4
1x7r:A;1x7r:B,2,235,30.0,P11474
3zls:A,1,315,30.0,Q9Y6E0
4y87:A;4y8c:A,2,322,29.96894409937888,Q13946
3ppj:A;3ppk:A;3prf:A;3psb:A;3psd:A,5,262,29.9618320610687,P07948
4e26:B,1,264,29.924242424242426,P07948
2r6w:A,1,229,29.912663755458514,P62508
5fdz:A,1,107,29.906542056074766,Q86U86
4ec0:A,1,199,29.899497487437184,P09792
4h58:A,1,263,29.84790874524715,P07948
3e3u:A,1,196,29.846938775510203,Q9FV53
3k3e:A;3k3e:B,2,320,29.84375,Q13946
4e96:A;5m39:A,2,124,29.838709677419356,Q86U86
5uuu:A,1,414,29.830917874396135,P31751
5ak2:A,1,228,29.82456140350877,P62508
4g9c:A,1,265,29.81132075471698,P07948
3e90:A,1,47,29.78723404255319,P29029
4ehg:A,1,262,29.770992366412212,P07948
5ct7:A,1,257,29.766536964980546,P07948
4i5p:A,1,284,29.753521126760564,Q14680
5egu:A,1,121,29.75206611570248,Q86U86
3k3h:A;3k3h:B,2,321,29.75077881619938,Q13946
4ec0:B,1,200,29.75,P09792
4tpt:A,1,279,29.74910394265233,P29320
1uwh:A;1uwh:B,2,264,29.734848484848484,P07948
2y1d:A,1,359,29.66573816155989,Q8IKG4
4i6b:A;4i6f:A;4i6h:A,3,285,29.649122807017545,Q14680
5lvr:B,1,108,29.62962962962963,Q86U86
4gh6:A;4gh6:B,2,326,29.60122699386503,Q13946
4qr3:A;4qr4:A;4qr5:A;6cis:A;6ciy:A,6,125,29.6,Q86U86
4hev:A,1,397,29.596977329974813,P10844
3tv4:A,1,264,29.545454545454547,P07948
5aiv:A;5aiv:B;5aix:A;5aix:B,4,198,29.545454545454547,P09792
3fc2:A;3fc2:B,2,293,29.522184300341298,Q14680
4j52:A;4j53:A,2,293,29.522184300341298,Q14680
2zv2:A,1,256,29.4921875,Q15418
4ksp:B,1,256,29.4921875,P07948
3idp:B,1,256,29.4921875,P07948
2ima:A,1,402,29.47761194029851,P10844
5tx5:B,1,263,29.46768060836502,P08631
1xqc:A,1,224,29.464285714285715,P62508
6c3e:A,1,258,29.45736434108527,P08631
3skc:A;4ehg:B,2,260,29.423076923076923,P07948
4tpt:B,1,277,29.422382671480143,P29320
2owb:A;2rku:A;5ta6:A,3,294,29.421768707482993,Q14680
3jsi:A;3jsw:A;3jsw:B;4e90:A;4g2j:A,6,328,29.420731707317074,Q13946
2r6y:B,1,221,29.41176470588235,P62508
2pog:A,1,233,29.399141630901287,P11474
3qi3:A,1,325,29.384615384615383,Q13946
4dbn:A,1,257,29.377431906614785,P07948
5dx4:A,1,126,29.365079365079364,Q86U86
4c66:A;4nuc:A;4pci:A;5a85:A;5khm:B,6,126,29.365079365079364,Q86U86
2ilp:A,1,407,29.36117936117936,P10844
4xv2:A,1,247,29.352226720647774,P06241
6c2y:A,1,617,29.344729344729345,P17612
5ukk:A,1,613,29.344729344729345,P17612
5wg5:A,1,617,29.344729344729345,P17612
5he1:A,1,618,29.344729344729345,P17612
4fc0:A,1,254,29.330708661417322,P07948
4xv9:A;4xv9:B,2,261,29.310344827586206,P06241
6hdq:A,1,123,29.26829268292683,Q86U86
5jrq:B,1,246,29.26829268292683,P07948
4ksq:A,1,258,29.26356589147287,P07948
5v8p:A,1,388,29.25257731958763,P10844
3q96:A,1,253,29.24901185770751,P07948
4ksq:B,1,255,29.215686274509803,P07948
4wnk:A,1,499,29.202279202279204,P17612
5hm0:A,1,125,29.2,Q86U86
4ksp:A,1,257,29.182879377431906,P06241
3ha6:B;3ha6:D,2,36,29.166666666666668,P26664
2pog:B;2q70:B,2,211,29.14691943127962,P62508
4hbw:A,1,127,29.133858267716537,Q86U86
5a5s:A,1,127,29.133858267716537,Q86U86
5cp5:A,1,127,29.133858267716537,Q86U86
2yel:A;3mxf:A;3p5o:A;3u5j:A;3u5l:A,57,127,29.133858267716537,Q86U86
5eq0:A,1,55,29.09090909090909,P29375
3krw:A;3krx:A,2,618,29.05982905982906,P17612
3zly:A,1,310,29.032258064516128,Q9Y6E0
6cd4:A,1,124,29.032258064516128,Q86U86
4hxm:A;5d25:A;5h21:A;5wuu:A;5y1y:A,5,124,29.032258064516128,Q86U86
6c4d:A,1,267,29.026217228464418,P08631
6fnx:A,1,126,28.96825396825397,Q86U86
5i80:A;5i88:A;5ku3:A,3,126,28.96825396825397,Q86U86
4edy:B,1,197,28.934010152284262,P09792
4edz:B,1,197,28.934010152284262,P09792
5ukl:A,1,630,28.91737891737892,P17612
5ukm:A,1,621,28.91737891737892,P17612
3pvw:A,1,613,28.91737891737892,P17612
4xv2:B,1,249,28.91566265060241,P06241
4yh3:A,1,128,28.90625,Q86U86
2iok:A,1,227,28.854625550660792,P11474
3zlw:A,1,312,28.846153846153847,Q9Y6E0
1wug:A;1wum:A,2,118,28.8135593220339,Q86U86
4hxl:A;4hxr:A;5d3h:A;5d3s:A;6ckr:A,5,125,28.8,Q86U86
4pnk:A,1,625,28.774928774928775,P17612
5he2:A,1,628,28.774928774928775,P17612
6cmj:A,1,285,28.771929824561404,P17612
5tx5:A,1,259,28.764478764478763,P08631
5hx6:A,1,259,28.764478764478763,P08631
5hls:A,1,127,28.74015748031496,Q86U86
6czu:A,1,129,28.68217054263566,Q86U86
5d0c:A,1,129,28.68217054263566,Q86U86
5uvc:A,1,457,28.632478632478634,P17612
3pvu:A,1,609,28.632478632478634,P17612
5l8y:B,1,332,28.6144578313253,Q08499
5vom:A,1,126,28.571428571428573,Q86U86
4uix:A,1,126,28.571428571428573,Q86U86
5d24:A;5d3j:A;5d3n:A;5khm:A;6cks:A,5,126,28.571428571428573,Q86U86
5g2b:A;5g57:A;5l8c:A;5l9h:A,4,333,28.52852852852853,Q08499
4ee0:B,1,195,28.46153846153846,P09792
4i5m:A,1,273,28.388278388278387,Q14680
5g5v:A,1,335,28.35820895522388,Q08499
4ee0:A,1,194,28.350515463917525,P09792
4mk0:A,1,631,28.34757834757835,P17612
4uyd:A,1,127,28.346456692913385,Q86U86
4lyw:A,1,127,28.346456692913385,Q86U86
4ith:A,1,247,28.34008097165992,P08631
3sxf:A;3t3u:A,2,452,28.31858407079646,O43293
3upx:A,1,445,28.314606741573034,O43293
4xv3:A,1,244,28.278688524590162,P06241
4r5y:A,1,253,28.26086956521739,P06241
5cy9:A,1,131,28.244274809160306,Q86U86
5cqt:A,1,131,28.244274809160306,Q86U86
4xv1:A,1,239,28.242677824267783,P06241
3v5p:A,1,450,28.22222222222222,O43293
4a9i:A,1,110,28.181818181818183,Q86U86
5csw:A,1,254,28.1496062992126,P06241
3t3v:A,1,453,28.14569536423841,O43293
3c4c:A,1,258,28.100775193798448,P06241
2l84:A,1,121,28.09917355371901,Q86U86
5vcw:A,1,285,28.07017543859649,P51812
2yek:B,1,107,28.037383177570092,Q86U86
3n51:A,1,448,28.013392857142858,O43293
3og7:A,1,247,27.93522267206478,P06241
4xv1:B,1,249,27.91164658634538,P07948
4af3:D,1,43,27.906976744186046,Q86U86
5vcx:A,1,287,27.874564459930312,P51812
3sx9:A,1,457,27.863436123348016,O43293
5i86:A,1,115,27.82608695652174,Q86U86
1n46:B,1,239,27.824267782426777,Q13133
5epk:A,1,54,27.77777777777778,Q13464
4uiu:A;4uiv:A;4uiw:A;5i7x:A;5i7y:A,5,101,27.722772277227723,Q86U86
2xnm:A,1,258,27.713178294573645,Q96L34
5vcv:A,1,287,27.700348432055748,P51812
4a9m:A;4a9n:A;4akn:A,3,112,27.678571428571427,Q86U86
5vd0:A,1,293,27.64505119453925,P51812
5vd3:A,1,293,27.64505119453925,P51812
3i7b:A,1,459,27.643171806167402,O43293
2ydw:B;2ydw:A,2,105,27.61904761904762,Q86U86
4cqe:A,1,250,27.6,P06241
3kga:A;3m2w:A,2,290,27.586206896551722,Q15418
5w0q:A;6fqu:A,2,116,27.586206896551722,Q86U86
5ktu:A,1,107,27.570093457943926,Q86U86
5fd2:B,1,234,27.564102564102566,P12931
3v5t:A,1,460,27.53303964757709,O43293
4yjn:A,1,460,27.53303964757709,O43293
3v51:A,1,459,27.53303964757709,O43293
5hes:A,1,287,27.526132404181183,P00519
4uyh:A,1,109,27.522935779816514,Q86U86
3dz2:B,1,60,27.5,P26662
4ztl:A,1,280,27.5,P07948
5i40:A,1,102,27.45098039215686,Q86U86
4yk0:A,1,113,27.43362831858407,Q86U86
4m84:A,1,464,27.422907488986784,O43293
4ona:A,1,465,27.422907488986784,O43293
1n46:A,1,248,27.419354838709676,Q13133
4pnk:G,1,62,27.419354838709676,P26663
1q4x:A,1,239,27.405857740585773,P55055
5vcz:A,1,294,27.38095238095238,P51812
5vcy:A,1,296,27.364864864864863,P51812
2r8q:A;2r8q:B,2,335,27.313432835820894,Q13946
4yo6:A,1,286,27.272727272727273,P07948
5mpz:A,1,110,27.272727272727273,Q86U86
5v84:B;5v84:D,2,101,27.22772277227723,Q86U86
1r6g:A,1,239,27.196652719665273,P55055
5dbm:A;5eng:A;5i83:A;5mqe:A;5w0e:A,7,114,27.19298245614035,Q86U86
6fr0:A,1,114,27.19298245614035,Q86U86
4a9m:B,1,114,27.19298245614035,Q86U86
2yek:A,1,114,27.19298245614035,Q86U86
5n49:B,1,114,27.19298245614035,Q86U86
4ztm:A,1,287,27.177700348432055,P07948
5adq:B;5adr:B;5ads:B;5adt:B,4,46,27.17391304347826,P22455
5h85:A;6frf:A,2,118,27.11864406779661,Q86U86
5vd1:A,1,295,27.11864406779661,P51812
5mpn:A,1,118,27.11864406779661,Q86U86
4alg:A;4alg:B,2,118,27.11864406779661,Q86U86
1xzx:X,1,249,27.10843373493976,P55055
4xv3:B,1,238,27.100840336134453,P06241
5iu2:A,1,312,27.083333333333332,Q9Y6E0
1nq0:A,1,253,27.07509881422925,P55055
4uye:A,1,109,27.06422018348624,Q86U86
3i7c:A,1,449,27.06013363028953,O43293
1ydk:A,1,207,27.053140096618357,P09211
4akn:B,1,111,27.027027027027028,Q86U86
5kx8:A,1,285,27.017543859649123,P07948
1nax:A,1,250,27.0,P55055
1y0x:X,1,250,27.0,P55055
5v84:A;5v84:C,2,102,26.96078431372549,Q86U86
4a9n:B,1,115,26.956521739130434,Q86U86
3p1d:A;5i89:A;5nlk:A;6ay3:A;6ay5:A,6,115,26.956521739130434,Q86U86
5kx7:B,1,286,26.923076923076923,P07948
2j4a:A,1,251,26.89243027888446,P55055
5ep7:A;5mme:A;5tb6:A,3,119,26.89075630252101,Q86U86
4uyf:A,1,119,26.89075630252101,Q86U86
5t1t:A,1,283,26.85512367491166,P07948
4xs2:A,1,283,26.85512367491166,P06241
5uey:A;5uf0:A,2,108,26.85185185185185,Q86U86
1hkj:A;1hkm:A,2,365,26.84931506849315,Q873X9
4yff:D,1,257,26.848249027237355,Q9Y6E0
3gws:X,1,244,26.84426229508197,P55055
3jzc:A,1,244,26.84426229508197,P55055
3r2y:A,1,259,26.833976833976834,Q15418
6b2q:D,1,259,26.833976833976834,Q7KZI7
1mhw:C,1,41,26.829268292682926,P31751
6b2q:A,1,261,26.81992337164751,Q7KZI7
3imy:A,1,248,26.81451612903226,P55055
4tqn:A;5mpk:A,2,112,26.785714285714285,Q86U86
6axq:A,1,112,26.785714285714285,Q86U86
5ceo:A;5cep:A;5ceq:A;5vo1:A;5vo2:A,5,269,26.765799256505577,P11362
5ktw:A;5ktx:A,2,114,26.75438596491228,Q86U86
2vrx:D,1,43,26.74418604651163,P35968
4a9i:B,1,116,26.724137931034484,Q86U86
2xkd:A,1,251,26.693227091633467,Q7KZI7
3krw:G;3krx:G;3pvu:G;3pvw:G,4,60,26.666666666666668,P26663
1gsf:A;1gsf:B,2,221,26.666666666666668,P09211
1ydk:B,1,219,26.666666666666668,P09211
5hln:A,1,346,26.656626506024097,P28523
2ow3:A,1,346,26.656626506024097,P28523
1hkk:A,1,364,26.64835164835165,Q873X9
4lnw:A,1,259,26.64092664092664,Q13133
2oic:A,1,276,26.630434782608695,P07948
3f88:A,1,340,26.61764705882353,P68400
5ueu:A;5uex:A;5uez:A,3,109,26.605504587155963,Q86U86
4hki:C;4hkk:B;4hkn:C;4hl5:C;4hlf:C,34,47,26.595744680851062,P22455
2yem:B,1,111,26.576576576576578,Q86U86
5ov8:A,1,111,26.576576576576578,Q86U86
1nhz:A,1,239,26.569037656903767,P11474
4z6i:A;5eu1:A;5f1h:A;5f1l:A;5f25:A,6,113,26.548672566371682,Q86U86
6f3d:A,1,277,26.534296028880867,P07948
4yfi:B,1,262,26.52671755725191,Q9Y6E0
5w84:A,1,279,26.523297491039425,P07948
4yff:A,1,264,26.515151515151516,Q9Y6E0
1soj:A,1,364,26.51098901098901,Q08499
4yfi:A,1,268,26.492537313432837,Q9Y6E0
2xnp:A,1,253,26.48221343873518,Q7KZI7
3zrm:A,1,344,26.453488372093023,P68400
5k5n:A,1,331,26.435045317220546,P28523
3f69:B,1,282,26.418439716312058,Q7KZI7
5uit:A,1,284,26.408450704225352,P07948
3zrk:A,1,345,26.3768115942029,P68400
5mwg:A,1,110,26.363636363636363,Q86U86
3v3q:B,1,239,26.359832635983263,P11474
3zrl:A,1,346,26.35542168674699,P28523
4ptc:A,1,342,26.35542168674699,P28523
5kpk:A,1,346,26.35542168674699,P28523
4ptc:B,1,347,26.35542168674699,P28523
6b8j:A,1,344,26.35542168674699,P28523
5c7n:A;5c85:A;5epr:A;5eq1:A;5etb:A,9,112,26.339285714285715,Q86U86
5uir:A,1,270,26.296296296296298,P06241
5mg2:A,1,137,26.277372262773724,Q86U86
5hlp:A,1,337,26.26112759643917,P68400
5hln:B,1,346,26.204819277108435,P28523
3zrl:B;3zrm:B,2,348,26.204819277108435,P28523
1q41:B,1,343,26.204819277108435,P28523
2xkf:A,1,250,26.2,Q96L34
3du8:A,1,336,26.19047619047619,P68400
1so2:A;1so2:B,2,363,26.170798898071624,Q08499
4afj:A,1,342,26.169590643274855,P68400
3wzu:A,1,270,26.11111111111111,Q9Y6E0
5eps:A;5o5a:A,2,113,26.106194690265486,Q86U86
5w85:A,1,278,26.07913669064748,P07948
4pte:B,1,347,26.05421686746988,P28523
1q3w:A;3q3b:A,2,344,26.05421686746988,P28523
6b5j:A,1,263,26.045627376425855,Q9Y6E0
2p4y:A,1,244,26.024590163934427,P55055
5uis:A,1,269,26.022304832713754,P06241
3k22:A,1,250,26.0,P11474
5nr8:A;5nra:A,2,377,25.9946949602122,Q873X9
1soj:B,1,381,25.984251968503937,Q08499
1q3d:A,1,339,25.958702064896755,P68400
1q5k:A,1,345,25.942028985507246,P68400
1zeo:B,1,247,25.910931174089068,P55055
2yem:A,1,110,25.90909090909091,Q86U86
4z93:A;6c7q:A,2,110,25.90909090909091,Q86U86
4pte:A,1,341,25.903614457831324,P28523
2o5k:A,1,350,25.903614457831324,P28523
5f94:A,1,346,25.903614457831324,P28523
1uv5:A;1uv5:B,2,349,25.903614457831324,P28523
5f95:A,1,345,25.903614457831324,P28523
4acc:A;4acc:B;4acd:A;4acd:B;4acg:A,8,351,25.903614457831324,P28523
2xnn:A,1,251,25.89641434262948,Q7KZI7
4a4x:A;4afe:A,2,253,25.889328063241106,Q7KZI7
5mwz:A,1,114,25.87719298245614,Q86U86
4ptg:A,1,333,25.825825825825827,P68400
4lsj:A;4lsj:B,2,244,25.81967213114754,P62508
1q41:A,1,339,25.811209439528024,P68400
1q3d:B,1,339,25.811209439528024,P68400
1q3w:B,1,341,25.806451612903224,P68400
5nrf:A,1,376,25.79787234042553,Q873X9
2lkk:A,1,126,25.793650793650794,P05413
2xk4:A,1,252,25.793650793650794,Q7KZI7
6f3e:A,1,270,25.74074074074074,P07948
6f3g:A,1,274,25.72992700729927,P06241
4csj:A,1,247,25.708502024291498,P11474
2q8s:A,1,253,25.691699604743082,P55055
5uoo:A,1,111,25.675675675675677,Q86U86
5myg:A,1,115,25.652173913043477,Q86U86
2xk7:A,1,246,25.609756097560975,Q7KZI7
3f7z:A,1,339,25.602409638554217,P28523
2p3g:X;3fyj:X;3fyj:A;3fyj:B;3fyk:X,7,282,25.53191489361702,Q15418
5uiu:A,1,286,25.524475524475523,P07948
5xmx:B,1,245,25.510204081632654,P55055
4l53:A,1,296,25.506756756756758,Q9Y6E0
3dz5:B,1,55,25.454545454545453,P03951
1q5k:B,1,344,25.451807228915662,P28523
6ekq:A,1,116,25.43103448275862,Q86U86
4mk0:G,1,59,25.423728813559322,P00519
4qzs:A,1,120,25.416666666666668,Q86U86
1i72:B;1i72:C;3dz4:B;3h0w:B,4,61,25.40983606557377,P26662
2yfe:A,1,264,25.37878787878788,Q13133
4a4v:A,1,264,25.37878787878788,Q13133
4gs6:A,1,294,25.34013605442177,Q9Y6E0
2p4y:B,1,227,25.330396475770925,P55055
3v3q:A,1,237,25.31645569620253,P11474
4iq6:A,1,324,25.308641975308642,P68400
4y73:A,1,289,25.259515570934255,P07948
4l52:A,1,295,25.25423728813559,Q9Y6E0
4l3p:A,1,295,25.25423728813559,Q9Y6E0
2xk8:A,1,246,25.203252032520325,Q96L34
4r06:A,1,252,25.1984126984127,P55055
3ia6:A,1,254,25.19685039370079,P55055
3fur:A,1,256,25.1953125,P55055
3f69:A,1,270,25.185185185185187,O15530
5k76:A,1,270,25.185185185185187,P07948
5i29:A,1,139,25.179856115107913,Q86U86
5jga:A,1,296,25.16891891891892,Q9Y6E0
3k23:A,1,245,25.102040816326532,P11474
1p93:A,1,247,25.101214574898787,P11474
4r06:B,1,253,25.09881422924901,P55055
3adt:A;3adu:A,2,259,25.096525096525095,P55055
4a4w:A,1,263,25.09505703422053,Q13133
5jgd:A,1,295,25.084745762711865,Q9Y6E0
3dz6:B,1,56,25.0,P26662
2q8s:B,1,254,25.0,Q13133
5v5n:A,1,294,25.0,Q9Y6E0
5uiq:A,1,268,25.0,P06241
5gjd:A,1,292,25.0,Q9Y6E0
4xum:A,1,260,25.0,Q13133
1nyx:A,1,260,25.0,P55055
4mn3:A,1,56,25.0,O75460
5jgb:A,1,295,24.915254237288135,Q9Y6E0
3fhr:A,1,273,24.90842490842491,Q15418
6an1:A,1,261,24.904214559386972,Q13133
3u9q:A,1,257,24.90272373540856,Q13133
6b2p:A;6b2p:B,2,255,24.901960784313726,O15530
6an1:B,1,253,24.90118577075099,Q13133
2xke:A,1,243,24.897119341563787,Q7KZI7
3l1s:A,1,336,24.851190476190474,P68400
3ads:A,1,262,24.80916030534351,Q13133
3b1m:A,1,260,24.807692307692307,P55055
1i7i:A,1,258,24.8062015503876,Q13133
2gtk:A;3g9e:A,2,258,24.8062015503876,P55055
4p6w:A,1,252,24.8015873015873,P11474
4p6x:A,1,252,24.8015873015873,P11474
1zeo:A,1,263,24.714828897338403,P55055
5u5l:A,1,259,24.71042471042471,P55055
3dy6:A,1,257,24.708171206225682,P55055
5xmx:A,1,257,24.708171206225682,P55055
3ads:B,1,251,24.701195219123505,Q13133
6eir:B,1,334,24.70059880239521,P45984
4xuh:A,1,264,24.62121212121212,Q13133
5vdk:A,1,260,24.615384615384617,Q9Y6E0
2xkc:A,1,244,24.59016393442623,Q96L34
3h0a:D,1,265,24.528301886792452,P55055
1i7g:A,1,259,24.517374517374517,Q13133
3peq:A,1,255,24.50980392156863,P55055
3gz9:A,1,262,24.427480916030536,P55055
4o2b:E,1,121,24.380165289256198,O75116
3fxw:A,1,271,24.354243542435423,Q15418
3adu:B,1,261,24.32950191570881,P55055
3adt:B,1,257,24.31906614785992,P55055
4uyg:A;5u6v:A,2,109,24.31192660550459,Q86U86
6gu2:C,1,72,24.305555555555557,P43912
3lmp:A,1,264,24.242424242424242,P55055
3kdt:A;3kdu:A,2,265,24.150943396226417,Q13133
3ia6:B,1,255,24.11764705882353,P55055
4qev:A,1,110,24.09090909090909,Q86U86
4mr5:A;4mr6:A,2,110,24.09090909090909,Q86U86
5y86:A,1,391,24.079754601226995,Q00534
2i4j:A;2i4j:B;2i4p:A;2i4p:B;2i4z:A,9,270,24.074074074074073,Q13133
5epl:A,1,54,24.074074074074073,P29375
6f3i:A,1,258,24.031007751937985,P08631
6cms:A,1,497,24.025974025974026,P31992
3g8i:A,1,254,24.015748031496063,Q13133
2ath:A;2ath:B;2f4b:A;2g0g:A;2g0g:B,7,271,23.985239852398525,Q13133
3bc5:A,1,263,23.954372623574145,Q13133
1fm9:D;2hfp:A,2,272,23.897058823529413,Q13133
3tkm:A,1,270,23.88888888888889,P55055
5dw1:A,1,111,23.873873873873872,Q86U86
5y3n:A,1,438,23.858447488584474,P02829
5ek9:A,1,107,23.83177570093458,Q86U86
3aqa:A,1,107,23.83177570093458,Q86U86
3ty0:A;3ty0:B,2,277,23.826714801444044,P55055
1lfo:A,1,126,23.80952380952381,P05413
3n7s:D,1,84,23.80952380952381,P11309
5j1v:A;5j1w:A,2,338,23.773006134969325,Q00534
5x8i:B,1,327,23.773006134969325,Q00534
3n7r:D,1,80,23.75,P11309
6d6t:J;6d6u:J,2,116,23.70689655172414,P02701
6d6t:K;6d6u:K,2,116,23.70689655172414,P02701
4nrb:A,1,114,23.68421052631579,Q86U86
4qew:A,1,112,23.660714285714285,Q86U86
1nyx:B,1,258,23.643410852713178,P55055
2in6:A,1,256,23.6328125,Q9Y6E0
4ylk:A;4yll:A,2,341,23.619631901840492,Q00534
6eif:A;6ej4:A,2,343,23.619631901840492,Q00534
4nct:A;5a4e:A;5a4l:A;5a4q:A;5a4t:A,9,341,23.619631901840492,Q00534
3anr:A;5a3x:A,2,342,23.619631901840492,Q00534
3gwx:A;3gwx:B,2,271,23.616236162361623,P19793
1w6j:A,1,727,23.534072900158478,P33247
3kdt:B;3kdu:B,2,272,23.529411764705884,Q13133
4nrc:A,1,115,23.47826086956522,Q86U86
5vc3:A,1,260,23.46153846153846,Q9Y6E0
4j1p:A,1,113,23.451327433628318,Q86U86
3bi6:A,1,258,23.449612403100776,Q9Y6E0
5j8i:A,1,288,23.4375,Q9Y6E0
5jh6:A,1,288,23.4375,Q9Y6E0
6c5t:A,1,269,23.42007434944238,P55055
5v3y:A,1,269,23.376623376623378,P31992
5vc4:A;5vc5:A,2,261,23.371647509578544,Q9Y6E0
1x8b:A,1,259,23.35907335907336,Q14680
5vc6:A,1,259,23.35907335907336,Q9Y6E0
3uvo:A,1,300,23.333333333333332,P42527
4aze:A,1,348,23.312883435582823,Q00534
6eis:A,1,344,23.312883435582823,Q00534
4mq2:A,1,343,23.312883435582823,Q00534
3vhu:A,1,249,23.29317269076305,P11474
3wfg:A;4pf3:A,2,249,23.29317269076305,P11474
5j7b:A,1,277,23.28519855595668,P29597
4ir5:A;4ir6:A;4xua:A;4xub:A;5e73:A,7,116,23.275862068965516,Q86U86
6gu7:B,1,71,23.239436619718308,P43912
5ar5:A,1,284,23.239436619718308,Q9R117
1kkq:A;1kkq:B;1kkq:C;1kkq:D,4,269,23.234200743494423,Q13133
4m3p:B,1,373,23.214285714285715,P0A3F4
6hmx:A,1,280,23.214285714285715,P29597
3n7r:C,1,82,23.170731707317074,P11309
5v5y:A,1,259,23.166023166023166,Q9Y6E0
4mq1:A,1,345,23.15950920245399,Q00534
4ylj:A,1,346,23.15950920245399,Q00534
3r7b:B,1,95,23.157894736842106,Q15418
3psl:A,1,298,23.154362416107382,P42527
6c5q:A,1,277,23.104693140794225,P55055
5y3o:A,1,433,23.094688221709006,P02829
5e7r:A,1,273,23.076923076923077,P29320
6apr:E,1,325,23.076923076923077,P00797
4rvr:A,1,117,23.076923076923077,Q86U86
5jk3:A,1,269,23.04832713754647,Q7KZI7
4uda:A,1,241,23.029045643153527,P11474
4udb:A,1,244,22.950819672131146,P11474
5mwy:A,1,244,22.950819672131146,P11474
3vhv:A,1,255,22.941176470588236,P11474
5j9l:A,1,286,22.902097902097903,Q7KZI7
2aa6:A,1,260,22.884615384615383,P11474
3wff:A,1,258,22.868217054263567,P11474
5ko1:A,1,265,22.830188679245282,P00519
3gzn:I,1,79,22.78481012658228,P10721
4w9c:A;4w9d:A;4w9e:A;4w9g:A;4w9h:A,12,101,22.77227722772277,P02829
5ar5:B,1,279,22.759856630824373,Q9R117
5ar4:B,1,279,22.759856630824373,P06241
1o5e:L;1p57:A,2,110,22.727272727272727,P53355
4x7l:A,1,260,22.692307692307693,P45984
4gm8:A,1,302,22.68211920529801,P42527
2c4f:T,1,75,22.666666666666668,Q16512
5ar7:A,1,278,22.66187050359712,P06241
5ar4:A,1,274,22.62773722627737,P29597
4x7n:A,1,259,22.586872586872587,P45984
5ar7:B,1,279,22.580645161290324,P06241
2qlf:D,1,93,22.580645161290324,Q00534
6es0:A,1,288,22.569444444444443,Q9R117
5lli:A;5nvv:A;5nvw:A;5nvx:A;5nvy:A,13,102,22.54901960784314,P02829
5edu:B,1,723,22.546419098143236,Q9BY41
2oax:A,1,233,22.532188841201716,P11474
3rm4:A,1,373,22.5201072386059,Q873X9
6dar:A,1,302,22.516556291390728,P42527
3emh:A,1,300,22.5,P42527
4x7h:A,1,256,22.4609375,O15530
2h13:A;4a7j:A,2,303,22.442244224422442,P42527
5j79:A,1,283,22.43816254416961,Q16512
5mwp:A,1,243,22.42798353909465,P11474
4oar:A,1,241,22.406639004149376,P11474
3r7b:D,1,96,22.395833333333332,Q15418
2wu6:A,1,350,22.392638036809817,Q00534
2h6q:A;2h9m:A;2h9n:A;2h9p:A;2o9k:A,9,304,22.36842105263158,P42527
4w9h:B,1,85,22.352941176470587,O92972
4m3p:A,1,370,22.321428571428573,P0A3F4
3zlq:C;3zlq:D,2,112,22.321428571428573,P21802
5lqf:C;6gu3:C;6gu4:C,3,74,22.2972972972973,P43912
4o45:A;6das:A,2,305,22.295081967213115,P42527
3rm8:A;3rm9:A;3rme:A,3,377,22.281167108753316,Q873X9
5ar8:B,1,274,22.26277372262774,P06241
4yat:A,1,173,22.254335260115607,Q86U86
5hcv:A,1,236,22.24576271186441,P11474
2wu7:A;6fyp:A,2,348,22.23926380368098,Q00534
3vf5:A;3vf5:B,2,99,22.22222222222222,Q15418
5y80:A,1,306,22.22222222222222,Q96L34
2io6:A,1,252,22.22222222222222,Q9Y6E0
3zrc:A,1,99,22.22222222222222,P02829
3rl7:A,1,90,22.22222222222222,P0DMV8
3g8o:B,1,250,22.2,P11474
5w5o:A;5w5o:B,2,275,22.181818181818183,Q9R117
6awn:A,1,544,22.18045112781955,P05413
6d6t:I;6d6t:L;6d6u:I;6d6u:L,4,106,22.169811320754718,P35968
3rjm:B,1,97,22.164948453608247,Q15418
3r6g:B;3rjm:D,2,97,22.164948453608247,Q15418
6hmx:B,1,282,22.163120567375888,P29597
2w8y:A,1,251,22.111553784860558,P11474
1a28:A;1zuc:B;1zuc:A;3hq5:B,4,251,22.111553784860558,P11474
3zrc:B;3ztc:B;3ztd:B;4w9c:B;4w9d:B,12,86,22.093023255813954,O92972
4w9f:B,1,86,22.093023255813954,O92972
5v8q:A,1,249,22.08835341365462,P11474
4f1s:A,1,834,22.07792207792208,P31992
5v3x:A,1,270,22.07792207792208,P31992
3pb7:X,1,309,22.07792207792208,P31992
5ehr:A,1,485,22.07792207792208,P31992
3b5r:A;3b65:A;3b66:A;3b67:A;3b68:A,5,247,22.06477732793522,P11474
4bks:A,1,102,22.058823529411764,P02829
2co0:A,1,304,22.039473684210527,P42527
5j79:B,1,277,22.021660649819495,P29597
4awj:A,1,100,22.0,P02829
3biz:A,1,250,22.0,Q9Y6E0
4x7j:A,1,257,21.98443579766537,O15530
1pau:B;1re1:B;1re1:D;1rhj:B;1rhj:D,16,91,21.978021978021978,Q06187
2ihq:A;2nw4:A,2,248,21.975806451612904,P11474
5y7z:A,1,312,21.955128205128204,Q96L34
1i37:A,1,246,21.951219512195124,P11474
4kju:A,1,82,21.951219512195124,P07948
3r7n:B,1,98,21.93877551020408,Q15418
4qsv:A;4tte:A;4tu4:A;4tyl:A;4tz8:A,16,130,21.923076923076923,Q86U86
4yab:A,1,178,21.910112359550563,Q86U86
2yhd:A;2ylq:A;5t8e:A;5t8j:A,4,249,21.88755020080321,P11474
3g0w:A,1,249,21.88755020080321,P11474
2oz7:A,1,249,21.88755020080321,P11474
4kb8:A,1,265,21.88679245283019,Q96L34
5j7b:B,1,281,21.88612099644128,P06241
1yqy:A,1,514,21.875,P0A3F4
4xm7:A,1,510,21.875,P0A3F4
3zmz:A;3zn0:A;3zn1:A;5l3e:A;5lbq:A,10,666,21.875,P0A3F4
5lgn:A,1,670,21.875,P0A3F4
5yjb:A,1,661,21.875,P0A3F4
4pkv:A,1,515,21.875,P0A3F4
3zmt:A;3zmu:A;3zmv:A,3,665,21.875,P0A3F4
4dv8:A,1,512,21.875,P0A3F4
5j7s:A,1,279,21.863799283154123,Q7KZI7
4kba:A,1,263,21.863117870722434,Q96L34
4awj:C,1,135,21.85185185185185,P35968
4bkt:A;4w9f:A,2,103,21.844660194174757,P02829
4awj:B;4bks:B;4bkt:B;6gmx:B,4,87,21.839080459770116,O92972
5lli:B;5nvv:B;5nvw:B;5nvx:B;5nvy:B,13,87,21.839080459770116,O92972
2am9:A;2ylo:A;3zqt:A,3,250,21.8,P11474
1e3g:A;2hvc:A,2,250,21.8,P11474
5w5j:B,1,257,21.78988326848249,P29597
4b9k:A,1,101,21.782178217821784,P02829
1sqn:A,1,248,21.774193548387096,P11474
6gmq:H,1,85,21.764705882352942,Q9UGL1
2h65:D,1,92,21.73913043478261,Q06187
2ql5:B;2ql5:D;2ql7:B;2ql7:D;2ql9:B,9,92,21.73913043478261,Q00534
1w76:A;1w76:B,2,522,21.73913043478261,P14174
5cj6:A,1,244,21.721311475409838,P11474
3t3c:A;3t3c:B,2,99,21.717171717171716,P20372
3ttp:A;3ttp:B,2,99,21.717171717171716,P37173
4tz2:A,1,129,21.705426356589147,Q86U86
2ax6:A,1,242,21.694214876033058,P11474
4j44:A;4j46:A;4j47:A;4kjv:A,4,83,21.686746987951807,P07948
4yax:A;4yc9:A,2,180,21.666666666666668,Q86U86
2v00:A,1,330,21.666666666666668,Q873Y0
2ax9:A,1,238,21.638655462184875,P62508
5m6h:A;5m6m:A,2,104,21.634615384615383,O92972
5c0k:A,1,104,21.634615384615383,O92972
3ara:A;3ara:B;3ara:C;3arn:A;3arn:B,6,125,21.6,P26660
1bmq:B;1rww:B;1rww:D;1rwx:B;1rwx:D,8,88,21.59090909090909,P35968
4b9k:B,1,88,21.59090909090909,O92972
4x7o:A,1,246,21.54471544715447,O15530
4wvs:A;4wvt:A,2,79,21.518987341772153,O92972
3v49:A,1,244,21.516393442622952,P11474
2h5j:D,1,93,21.50537634408602,Q06187
1gfw:B,1,93,21.50537634408602,Q06187
2h65:B,1,93,21.50537634408602,Q06187
3cm7:D,1,100,21.5,O92972
1rs4:A;1rs4:B;1rs4:C;1rs4:D;1rs4:E,8,121,21.487603305785125,Q8IKG4
4ybm:B,1,170,21.470588235294116,Q86U86
4ql8:A,1,240,21.458333333333332,P11474
5cnm:A,1,434,21.428571428571427,P0A3F4
5v42:A,1,268,21.428571428571427,P31992
6awo:A,1,544,21.428571428571427,P05413
6cmr:A,1,494,21.428571428571427,P31992
4o2b:C,1,440,21.428571428571427,P0A3F4
4o2b:A;5lp6:A,2,439,21.428571428571427,P0A3F4
4m5g:A;4m5h:A;4m5i:A;4m5k:A;4m5l:A,10,159,21.428571428571427,P31992
4m5j:A,1,157,21.428571428571427,P31992
3udv:A,1,154,21.428571428571427,P31992
5h4j:A;5h4j:B;5h4j:C,3,126,21.428571428571427,P26660
5etl:A,1,155,21.428571428571427,P31992
2g5u:B;2g5u:D,2,112,21.428571428571427,P26663
1tmm:A,1,158,21.428571428571427,P31992
5m6f:A,1,105,21.428571428571427,O92972
1ex8:A;3ud5:A;4f7v:A,3,158,21.428571428571427,P31992
5etp:A,1,160,21.428571428571427,P31992
3g8o:A,1,250,21.4,P11474
4hy0:A;4hy0:B,2,96,21.354166666666668,O92972
2vsl:A,1,96,21.354166666666668,O92972
4yad:A;4ybs:A;4ybt:A,3,178,21.348314606741575,Q86U86
3eyl:A;3eyl:B,2,101,21.287128712871286,O92972
2ao6:A,1,242,21.28099173553719,P11474
2h5i:B;2h5i:D,2,94,21.27659574468085,Q06187
2y77:A;2y77:B;2y77:C,3,134,21.26865671641791,Q9JYL2
4zun:A;4zun:B;4zuo:A;4zuo:B;4zuq:A,8,341,21.26099706744868,Q9BY41
2opy:A;2opy:B;5c3k:A;5c7a:A;5c7d:A,6,106,21.22641509433962,O92972
1z95:A,1,238,21.218487394957982,P62508
3ekp:A;3ekp:B;3ekt:A;3ekt:B,4,99,21.21212121212121,P52789
3bvb:A;3bvb:B,2,99,21.21212121212121,Q15418
2ien:A;2ien:B;2z4o:A;2z4o:B;3djk:A,16,99,21.21212121212121,Q15418
3vfb:A;3vfb:B,2,99,21.21212121212121,Q15418
4heg:B;4heg:A,2,99,21.21212121212121,Q15418
4he9:A;4he9:B,2,99,21.21212121212121,Q15418
2qi7:A;2qi7:B;3ekv:A;3ekv:B;3o9f:A,12,99,21.21212121212121,P52789
2qci:A;2qci:B;4hdb:A;4hdb:B,4,99,21.21212121212121,Q15418
3lzv:A;3lzv:B,2,99,21.21212121212121,P52789
2qd8:A;2qd8:B,2,99,21.21212121212121,Q15418
2qd6:A;2qd6:B;4hdp:B;4hdp:A,4,99,21.21212121212121,Q15418
3i7e:A;3i7e:B,2,99,21.21212121212121,P52789
1xow:A;2ama:A,2,243,21.19341563786008,P11474
3n7a:F,1,137,21.16788321167883,Q9WYW0
4civ:A;4civ:B;4civ:C;4civ:D;4civ:E,12,137,21.16788321167883,Q9WYW0
4bkt:C;6gmx:C,2,137,21.16788321167883,P35968
2jk7:A,1,97,21.1340206185567,O92972
3gt9:A;3gta:A;3uw5:A,3,90,21.11111111111111,Q96L34
4hlw:A,1,244,21.10655737704918,P11474
3d2t:B;3d2t:D;4det:B;4det:D,4,109,21.10091743119266,P42527
3cm2:D,1,102,21.07843137254902,O92972
3ztd:A,1,102,21.07843137254902,P02829
2h5j:B;3gjs:B,2,95,21.05263157894737,Q06187
3hhm:B,1,247,21.05263157894737,P08631
5c7c:A;5c83:A;5c84:A;5oqw:B,4,107,21.02803738317757,O92972
5yjb:B,1,131,20.99236641221374,O43293
1pgp:A;1pgp:B,2,473,20.982142857142858,P0A3F4
2oa0:A,1,980,20.982142857142858,P0A3F4
2o9j:A,1,980,20.982142857142858,P0A3F4
4ycm:A;4ycn:A,2,993,20.982142857142858,P0A3F4
2agv:A;2agv:B;4ycl:A,3,994,20.982142857142858,P0A3F4
4xm6:A,1,486,20.982142857142858,P0A3F4
6en4:D,1,93,20.967741935483872,Q01469
2hqu:C,1,124,20.967741935483872,P26660
4p5e:B,1,136,20.955882352941178,O92972
2y76:A;2y76:B;2y76:C,3,136,20.955882352941178,Q9JYL2
3hq5:A,1,246,20.934959349593495,P11474
3ztc:C,1,141,20.921985815602838,Q9WUL6
3kba:A,1,244,20.901639344262296,P11474
4jv6:B,1,146,20.89041095890411,P0A8N7
4btm:A,1,292,20.89041095890411,P00519
4jvb:B,1,146,20.89041095890411,P0A8N7
3ztc:A,1,103,20.87378640776699,P02829
5ij7:S,1,127,20.866141732283463,P29320
1h0r:A;1h0r:B;1h0r:C;1h0r:D;1h0r:E,12,139,20.863309352517987,P27815
4b9k:C;4bks:C,2,137,20.802919708029197,P35968
4y8d:A,1,262,20.801526717557252,Q96L34
3i6c:A;3ikd:A;3ikg:A;3jyj:A;3kac:A,6,113,20.79646017699115,P36897
1f9e:B;1f9e:D,2,89,20.786516853932586,P43912
5ar8:A,1,255,20.784313725490197,Q9R117
4flh:A,1,840,20.77922077922078,P31992
5ehp:A,1,494,20.77922077922078,P31992
3r7q:A,1,837,20.77922077922078,P31992
5k1v:A,1,900,20.77922077922078,P31992
3lmk:B,1,439,20.77922077922078,P31992
5t5g:A;5t5g:B,2,143,20.77922077922078,P31992
5th7:B,1,145,20.77922077922078,P31992
3lmk:A,1,438,20.77922077922078,P31992
4c16:A;4csy:A,2,280,20.77922077922078,P31992
5th7:A,1,143,20.77922077922078,P31992
4kxm:A,1,130,20.76923076923077,P07949
5tvn:A,1,393,20.754716981132077,O25928
2y8c:B,1,123,20.73170731707317,Q9Y5S2
5w5j:A,1,251,20.717131474103585,P29597
4w9f:C,1,140,20.714285714285715,P35968
4w9c:C;4w9d:C;4w9e:C;4w9g:C;4w9h:C,21,140,20.714285714285715,P35968
3pwm:A;3pwm:B;3vf7:A;3vf7:B,4,99,20.707070707070706,P29317
4ll3:A;4ll3:B,2,99,20.707070707070706,O92972
2fde:A;2fde:B;4fe6:A;4fe6:B;4hla:A,6,99,20.707070707070706,O92972
2qd7:A;2qd7:B;4hdf:B;4hdf:A,4,99,20.707070707070706,P27958
6fyk:A,1,349,20.70552147239264,Q00534
6fyl:A,1,340,20.70552147239264,Q00534
3uw4:A,1,87,20.689655172413794,P54764
2c4f:U,1,116,20.689655172413794,P29375
3zmt:B;3zmu:B;3zmv:B;3zmz:B;3zn0:B,11,133,20.67669172932331,O43293
3zns:A,1,368,20.652173913043477,Q9BY41
4cbt:A,1,349,20.630372492836678,Q9BY41
6gmq:I,1,143,20.62937062937063,P35968
4pop:A,1,177,20.62146892655367,P26662
4kxn:A,1,131,20.610687022900763,P11474
5x73:A,1,148,20.60810810810811,P0A8N7
4tw9:B,1,289,20.58823529411765,Q14680
5aes:A,1,291,20.58823529411765,P47929
5aes:B,1,291,20.58823529411765,P47929
5lli:C;5nvz:C,2,141,20.56737588652482,P35968
5n2d:B;5n2d:D;5n2f:B,3,124,20.56451612903226,P35968
4btk:A,1,287,20.557491289198605,P00519
1qtn:B;1qtn:D,2,90,20.555555555555557,P43912
5xv7:A,1,350,20.552147239263803,Q00534
1pw6:B,1,129,20.54263565891473,Q13464
2az5:C,1,129,20.54263565891473,P33981
1zxv:A,1,728,20.535714285714285,P0A3F4
4pku:A,1,489,20.535714285714285,P0A3F4
3gzn:A,1,527,20.535714285714285,P0A3F4
4dtt:A,1,956,20.535714285714285,P0A3F4
4m3p:D,1,371,20.535714285714285,P0A3F4
5zo8:A;5zo9:A,2,331,20.535714285714285,P0A3F4
6b7h:A,1,441,20.535714285714285,P0A3F4
4m3p:C,1,355,20.535714285714285,P0A3F4
3iqg:X;3iqh:X;3iqi:X,3,309,20.535714285714285,P0A3F4
4xar:A,1,445,20.535714285714285,P0A3F4
5d1t:A;5d1u:A,2,488,20.535714285714285,P0A3F4
3q8h:A,1,151,20.52980132450331,P20906
4tw9:A,1,290,20.517241379310345,Q14680
1py2:A,1,117,20.512820512820515,O75116
4pov:A,1,178,20.50561797752809,P26662
3ztd:C,1,139,20.503597122302157,P35968
3n7a:C,1,139,20.503597122302157,O60658
6cef:A,1,100,20.5,P00436
5y7z:C,1,122,20.491803278688526,P21860
2f8i:B,1,110,20.454545454545453,Q873Y0
2az5:A,1,132,20.454545454545453,Q08345
3nzw:L;3nzx:L;4qlq:Z;6g7f:Z;6g8m:Z,6,222,20.454545454545453,P04117
5w4w:A,1,291,20.446735395189002,Q96L34
6drz:A,1,388,20.440251572327043,O25928
4his:A;4his:C,2,115,20.434782608695652,P03347
1gpn:A,1,529,20.434782608695652,P14174
1acj:A;1dx6:A;1dx6:B;1h23:A;1w6r:A,12,528,20.434782608695652,P14174
1eve:A;3i6m:A;3i6m:B,3,534,20.434782608695652,P14174
1e66:A;1e66:B;1hbj:A;1hbj:B;3i6z:A,6,532,20.434782608695652,P14174
1u65:A,1,533,20.434782608695652,P14174
3cn0:A;3cn0:C;3hj0:A;3hj0:C;3p3s:A,10,115,20.434782608695652,P03347
1h22:A,1,529,20.434782608695652,P14174
1qti:A;1qti:B,2,527,20.434782608695652,P14174
1w4l:A;1w4l:B,2,529,20.434782608695652,P14174
2c57:A;2c57:D;2c57:G;2c57:J,4,164,20.426829268292682,P35968
3zrc:C,1,142,20.422535211267604,P35968
4y8d:C,1,120,20.416666666666668,P00519
4w9p:A,1,120,20.416666666666668,O75164
4yl0:A;4yl0:B;4yl0:C;5k0i:A;5k0i:B,9,147,20.408163265306122,Q96L34
1lhw:A;1lhw:B,2,174,20.402298850574713,Q16512
5n2d:A,1,125,20.4,P35968
3uzp:A,1,292,20.376712328767123,Q96L34
3t64:B,1,135,20.37037037037037,O15530
2az5:B,1,140,20.357142857142858,P51449
1pau:A;1re1:A;1re1:C;1rhj:A;1rhj:C,15,140,20.357142857142858,P07948
2h5j:C;2h65:A,2,140,20.357142857142858,P06241
4dew:B;4dew:D,2,113,20.353982300884955,P07949
1gfw:A,1,145,20.344827586206897,P07948
2vxj:B,1,118,20.338983050847457,P26660
6ew6:A,1,123,20.32520325203252,P02829
5g3m:A;5ow8:A,2,123,20.32520325203252,P26660
6g9b:B,1,128,20.3125,P12821
2vr4:A,1,836,20.30075187969925,P05413
2vmf:A,1,835,20.30075187969925,P05413
2vot:A,1,837,20.30075187969925,P05413
2vl4:A,1,836,20.30075187969925,P05413
5kh3:A;5kh7:A;6ce6:A;6ce8:A,4,101,20.297029702970296,P00436
3cm7:B,1,101,20.297029702970296,O92972
6fyz:A,1,345,20.28985507246377,Q9BY41
2y71:A;2y71:B;2y71:C,3,138,20.28985507246377,P11474
1lhu:A;1lhu:B,2,175,20.285714285714285,P33247
3n76:A;3n76:B;3n76:C;3n76:D;3n76:E,12,143,20.27972027972028,P27815
1lvc:D;1s26:D,2,143,20.27972027972028,P0A8M3
5i2e:B,1,111,20.27027027027027,P22455
4hiq:A;4hiq:C,2,116,20.25862068965517,P03347
2rox:B;2rox:D;3cft:A;3cft:C;3p3r:A,38,116,20.25862068965517,P03347
4kxl:B,1,126,20.238095238095237,P11474
5n2f:A,1,126,20.238095238095237,P35968
4kxn:B,1,126,20.238095238095237,P11474
3t60:B,1,131,20.229007633587788,O15530
3hl5:A,1,94,20.21276595744681,O75116
2w3l:A,1,141,20.21276595744681,P07949
2az5:D,1,141,20.21276595744681,P51449
2h5j:A;2h65:C;3gjs:A;3gjt:A,4,141,20.21276595744681,P06241
3n7a:A;3n7a:B;3n7a:D;3n7a:E;3n7a:G,34,141,20.21276595744681,P26663
1vyq:C,1,141,20.21276595744681,P03347
3uyt:A,1,287,20.209059233449477,Q96L34
2h5i:A;2h5i:C,2,146,20.205479452054796,P06241
3ggu:A;3ggu:B,2,99,20.2020202020202,P26662
3u7s:A;3u7s:B,2,99,20.2020202020202,Q15418
3cn0:B;3cn0:D;3hj0:B;3hj0:D;3p3t:B,8,114,20.17543859649123,P35968
1bm7:A;1bm7:B;1bm7:C;1bm7:D,4,114,20.17543859649123,P35968
5a6i:A;5a6i:B;5a6i:C;5a6i:D,4,114,20.17543859649123,P26662
2vxj:C;2wyf:B,2,119,20.168067226890756,P26664
5y80:B,1,124,20.161290322580644,P21860
5vkc:A;5vkc:B,2,144,20.13888888888889,O75116
5v40:A,1,273,20.12987012987013,P31992
5zk3:A,1,380,20.12987012987013,P31992
2ycm:A;2ycm:B,2,213,20.12987012987013,P31992
2zy1:A,1,279,20.12987012987013,P31992
4pkt:A,1,499,20.12987012987013,P31992
2xg5:A,1,217,20.12987012987013,P31992
4pkr:A,1,495,20.12987012987013,P31992
1jzs:A,1,821,20.12987012987013,P31992
5zk8:A,1,369,20.12987012987013,P31992
4pjt:A,1,338,20.12987012987013,P31992
4tv3:A,1,879,20.12987012987013,P31992
4uxb:A,1,323,20.12987012987013,P31992
1pwp:A,1,732,20.12987012987013,P31992
1rwx:A;1rwx:C,2,178,20.12987012987013,P31992
3zim:A,1,886,20.12987012987013,P31992
1rww:A;1rww:C,2,175,20.12987012987013,P31992
2a4z:A,1,812,20.12987012987013,P31992
3zw3:A,1,831,20.12987012987013,P31992
3lj3:A,1,829,20.12987012987013,P31992
4hvb:A,1,830,20.12987012987013,P31992
2am1:A;2am2:A,2,442,20.12987012987013,P31992
2fw3:A,1,623,20.12987012987013,P31992
6f6r:A;6f6r:C,2,180,20.12987012987013,P31992
4fjz:A,1,822,20.12987012987013,P31992
5yc8:A;5zkc:A,2,384,20.12987012987013,P31992
4ghi:A,1,107,20.093457943925234,P20371
5i2f:B;5km1:B,2,112,20.089285714285715,P22455
4tky:A,1,188,20.089285714285715,P0A3F4
5ipc:B;5kly:B;5kma:B;5wa8:B;5wa9:B,5,112,20.089285714285715,P22455
5d1s:A,1,507,20.089285714285715,P0A3F4
3lbz:A;3lbz:B;5n21:A,3,122,20.081967213114755,O75116
5n2d:C,1,127,20.078740157480315,P35968
4kxm:B,1,132,20.075757575757574,P07949
4jit:D,1,142,20.070422535211268,P43912
4p5d:C;4p5d:A,2,142,20.070422535211268,P11474
4hnf:A,1,289,20.069204152249135,Q96L34
2xg5:B,1,147,20.068027210884352,Q9Y5S2
223l:A,1,162,20.061728395061728,P29320
220l:A,1,162,20.061728395061728,P29320
1kdk:A;1kdk:B,2,177,20.056497175141242,P33247
6b4u:A,1,155,20.0,O75116
2y8c:A,1,145,20.0,P32361
4qkx:B,1,120,20.0,Q873Y0
4wk2:B,1,427,20.0,P34884
3nzw:D;3nzx:D,2,242,20.0,P34884
3qfd:B,1,100,20.0,P10844
5i2e:A;5klz:B;5km0:A;5km1:A,4,115,20.0,Q9UGL1
3q8h:B,1,155,20.0,P22455
4hiq:B;4hiq:D;4his:B;4his:D,4,115,20.0,P26662
2f8i:A;2g5u:A;2g5u:C;3cfn:A;3cfn:B,31,115,20.0,P35968
5ipc:A;5kly:A;5kma:A;5wa8:A;5wa9:A,5,115,20.0,Q9UGL1
4xu3:A,1,263,20.0,P34884
4xu1:A,1,263,20.0,P34884
4xtv:A;4xty:A,2,264,20.0,P34884
4xtw:A;4xtx:A;4xtz:A,3,266,20.0,P34884
4css:A,1,155,20.0,Q873Y0
4kxl:A,1,135,20.0,P11474
4ly9:A;4mqu:A;4mro:A;4msu:A;4ohk:A,9,585,20.0,P14174
3rux:A;4xu0:A,2,265,20.0,P34884
5fdr:A,1,155,20.0,O75116
4twc:A,1,293,19.965870307167236,Q14680
5mes:L;5mev:L,2,213,19.953051643192488,O75164
6fs0:L,1,213,19.953051643192488,O75164
4unp:A,1,183,19.94535519125683,P26664
1lhv:A;1lhv:B,2,173,19.942196531791907,Q16512
5fs5:A,1,158,19.936708860759495,Q873Y0
1tr7:B;1uwf:A;4att:A;4auj:A;4auy:A,16,158,19.936708860759495,Q873Y0
4waf:A,1,1017,19.924812030075188,P05413
3fwv:A,1,128,19.921875,P02829
5wzs:A;5wzt:A;5wzu:A;5wzv:A;5wzw:A,5,123,19.91869918699187,P00519
5n1z:A;5n1z:B;5n20:A;5n20:B,4,123,19.91869918699187,O75116
4w9o:A,1,123,19.91869918699187,O75164
5c1m:B,1,118,19.915254237288135,Q08499
2rox:A;2rox:C,2,118,19.915254237288135,P03347
5i8b:A;5i8g:A,2,226,19.911504424778762,Q86U86
5klz:A;5km0:B,2,113,19.911504424778762,P22455
3oz1:A,1,103,19.902912621359224,Q15418
1w2h:B,1,201,19.90049751243781,P27958
1zz1:A;2gh6:A,2,367,19.891008174386922,Q9BY41
3ful:A;3fum:A,2,605,19.871794871794872,Q819U0
1hs6:A;2vj8:A;3b7u:X;3cho:A;3chr:A,6,610,19.871794871794872,Q819U0
3chq:A,1,607,19.871794871794872,Q819U0
4hnc:A,1,357,19.871794871794872,Q819U0
3fh7:A;3fh8:A;3fhe:A;3fts:A;3ftv:A,9,607,19.871794871794872,Q819U0
3fh5:A;3ftu:A;3fty:A;3fu3:A;3fu5:A,8,606,19.871794871794872,Q819U0
3chp:A;3fuk:A;5aen:A,3,608,19.871794871794872,Q819U0
3fui:A,1,606,19.871794871794872,Q819U0
5if4:A,1,151,19.867549668874172,O75116
4yk5:A;4yk5:B;4yk5:C;4yl3:A;4yl3:B,6,146,19.863013698630137,Q96L34
2hqu:B,1,141,19.858156028368793,P26660
4oq6:A,1,141,19.858156028368793,O75116
2y8c:C,1,136,19.852941176470587,P32361
3img:B;3iod:B,2,272,19.852941176470587,Q9WMX2
1wm1:A,1,313,19.852941176470587,P47929
3p0g:B,1,121,19.834710743801654,Q873Y0
5i2f:A,1,116,19.82758620689655,Q9UGL1
4xt2:B,1,111,19.81981981981982,P35968
4cst:A,1,159,19.81132075471698,Q873Y0
3t6y:C,1,149,19.798657718120804,Q86U86
5x72:A,1,149,19.798657718120804,P0A8N7
4hgt:A,1,283,19.78798586572438,Q7KZI7
5g1a:A;5g1a:B,2,369,19.78319783197832,Q9BY41
4nyi:Q,1,167,19.760479041916167,P43912
4zbi:A,1,152,19.736842105263158,O75116
1qtn:A;1qtn:C,2,152,19.736842105263158,P12821
5t36:A;5t36:B;5t36:C,3,147,19.727891156462587,Q96L34
5ufp:A,1,104,19.71153846153846,O75460
6fs0:H,1,208,19.71153846153846,Q873Y0
1mrn:A;1mrn:B;1mrs:A;1mrs:B,4,208,19.71153846153846,P04825
3ioc:B,1,274,19.708029197080293,Q9WMX2
1d2s:A;1d2s:B,2,170,19.705882352941178,Q16512
6ced:A,1,99,19.696969696969695,P00436
3n7s:A,1,94,19.680851063829788,P08519
4z7q:H,1,216,19.675925925925927,P26662
4uy1:A;5owc:A;5owc:B;6g5j:A,4,122,19.672131147540984,P26660
6fs1:A,1,150,19.666666666666668,P47205
3t6y:A,1,150,19.666666666666668,Q86U86
3t60:C,1,145,19.655172413793103,O15530
2fme:A,1,321,19.642857142857142,P0A3F4
4ap0:A,1,325,19.642857142857142,P0A3F4
2ieh:A,1,334,19.642857142857142,P0A3F4
2jfh:A,1,430,19.642857142857142,P0A3F4
2vtd:A,1,434,19.642857142857142,P0A3F4
5zo7:A,1,332,19.642857142857142,P0A3F4
4lte:A,1,954,19.642857142857142,P0A3F4
3h2o:A;3h2o:B,2,264,19.642857142857142,P0A3F4
4re9:A,1,956,19.642857142857142,P0A3F4
2xpc:A,1,434,19.642857142857142,P0A3F4
1std:A;1std:B;1std:C;2std:A;2std:B,6,162,19.642857142857142,P0A3F4
4daf:A;4daf:B,2,252,19.642857142857142,P0A3F4
2vte:A,1,433,19.642857142857142,P0A3F4
2uuo:A,1,429,19.642857142857142,P0A3F4
2uup:A,1,439,19.642857142857142,P0A3F4
4a50:A;4bbg:A;4bbg:B;4bbg:C,4,336,19.642857142857142,P0A3F4
2gm1:A,1,328,19.642857142857142,P0A3F4
2xae:A;2xae:B,2,328,19.642857142857142,P0A3F4
1q0b:A;2pg2:A;2pg2:B;2uyi:A;2uym:A,6,331,19.642857142857142,P0A3F4
2x2r:A,1,331,19.642857142857142,P0A3F4
4std:A;4std:B;4std:C;5std:A;5std:B,9,164,19.642857142857142,P0A3F4
3h26:A;3h26:B,2,263,19.642857142857142,P0A3F4
3h2f:A;3h2f:B,2,269,19.642857142857142,P0A3F4
1aj6:A,1,194,19.642857142857142,P0A3F4
4gsc:A,1,958,19.642857142857142,P0A3F4
2x7d:A,1,335,19.642857142857142,P0A3F4
2x2r:B,1,324,19.642857142857142,P0A3F4
1hp5:A;1jak:A,2,499,19.642857142857142,P0A3F4
3imc:B;3iob:B;3ivg:B;3ivx:B,4,275,19.636363636363637,Q9WMX2
3nif:H,1,219,19.634703196347033,O92972
1w2h:A,1,191,19.63350785340314,P26664
2q3z:A,1,655,19.62962962962963,P09382
4cc5:A;4cc6:A,2,308,19.62962962962963,P09382
4wmx:A,1,516,19.62962962962963,P09382
2yog:A,1,197,19.62962962962963,Q01469
5vkm:A,1,306,19.62962962962963,Q01469
2vqm:A,1,391,19.628647214854112,Q9BY41
1bl4:A;1bl4:B,2,107,19.626168224299064,P00519
1f40:A;1fkf:A;1fkf:B;1fkg:A;1fkh:A,8,107,19.626168224299064,P00519
4uns:A,1,186,19.623655913978496,P27958
3q8h:C,1,158,19.620253164556964,P26660
3zlq:A,1,367,19.618528610354222,P00797
6g9i:B,1,130,19.615384615384617,P12821
5x4n:A;5x4q:A;5x9o:A,3,130,19.615384615384617,P02829
2c57:B;2c57:C;2c57:E;2c57:F;2c57:H,8,153,19.607843137254903,P19793
4zbf:A,1,153,19.607843137254903,O75116
1f9e:A;1f9e:C,2,153,19.607843137254903,P12821
3coz:B,1,278,19.60431654676259,Q9WMX2
4yl1:A;4yl1:B;4yl1:C;5bqh:A;5bqh:B,12,148,19.594594594594593,Q96L34
2vxj:D;2vxj:N,2,120,19.583333333333332,P0ACC7
2vxj:J,1,120,19.583333333333332,P0ACC7
3t60:A,1,143,19.58041958041958,P10844
4nyj:Q;4nym:Q,2,166,19.57831325301205,P43912
5o2d:A,1,189,19.576719576719576,Q00987
3le8:B,1,276,19.565217391304348,Q9WMX2
5urj:A,1,1707,19.565217391304348,P14174
4hy4:A;4lge:A,2,92,19.565217391304348,P06241
3zlq:B,1,370,19.565217391304348,P14174
5n53:B;5n53:A;5nzo:B;5nzo:A;5nzq:B,8,195,19.565217391304348,P34884
1mdl:A;1mdl:B;1mdl:C;1mdl:D;1mdl:E,8,357,19.55128205128205,Q819U0
2gvj:B,1,462,19.55128205128205,Q819U0
2gvj:A,1,463,19.55128205128205,Q819U0
1mns:A;1mns:B;1mns:C;1mns:D;1mns:E,10,357,19.55128205128205,Q819U0
1l2s:A,1,355,19.548872180451127,P05413
1w2g:A,1,197,19.543147208121827,P26662
6g2m:A;6g2m:B,2,197,19.543147208121827,Q9UGL1
4hni:A,1,284,19.54225352112676,O15530
5mes:A;5mev:A,2,151,19.5364238410596,P47205
4drk:A;4drm:A;4drn:A;4dro:A;4drp:A,14,128,19.53125,P11362
1xuc:A;1xud:A;1xur:A;3tvc:A;4a7b:A,7,169,19.526627218934912,Q9Y5S2
5oh2:A;5oh4:A,2,105,19.523809523809526,P27958
1xfv:O,1,146,19.52054794520548,Q99558
6cec:A;6cee:A,2,100,19.5,P00436
6drx:A,1,368,19.49685534591195,O25928
3c10:A,1,383,19.49602122015915,Q9BY41
4cby:A;5a2s:A,2,380,19.49602122015915,Q9BY41
4l23:B,1,277,19.494584837545126,P12931
3nzw:K;3nzx:K,2,212,19.485294117647058,P47929
5oq4:A,1,834,19.48051948051948,P31992
3inh:A,1,366,19.48051948051948,P31992
4cft:B,1,403,19.48051948051948,P31992
3tl5:A,1,845,19.48051948051948,P31992
4xm8:A,1,500,19.48051948051948,P31992
4ezj:A,1,834,19.48051948051948,P31992
2ie4:A,1,581,19.48051948051948,P31992
4ps3:A;4ps7:A;4ps8:A,3,843,19.48051948051948,P31992
4wwp:A,1,820,19.48051948051948,P31992
4ie7:A,1,439,19.48051948051948,P31992
4ie5:A,1,440,19.48051948051948,P31992
4xaq:A,1,443,19.48051948051948,P31992
3hhm:A,1,1032,19.48051948051948,P31992
4wwn:A,1,831,19.48051948051948,P31992
4wwo:A,1,814,19.48051948051948,P31992
4cft:A,1,404,19.48051948051948,P31992
3e4a:A,1,961,19.48051948051948,P31992
5cnj:A,1,445,19.48051948051948,P31992
4ezk:A,1,842,19.48051948051948,P31992
5uk8:A,1,1008,19.48051948051948,P31992
5ukj:A,1,1009,19.48051948051948,P31992
4ezl:A,1,834,19.48051948051948,P31992
3dpd:A,1,846,19.48051948051948,P31992
3zm5:A;3zm6:A,2,454,19.48051948051948,P31992
4pks:A,1,486,19.48051948051948,P31992
1uou:A;1uou:B,2,438,19.48051948051948,P31992
4nxo:A,1,958,19.48051948051948,P31992
1txr:A;3vh9:A,2,291,19.48051948051948,P31992
3dbs:A;3l13:A;3l16:A;3l17:A,4,841,19.48051948051948,P31992
5kzq:A,1,503,19.48051948051948,P31992
3r7r:A,1,838,19.48051948051948,P31992
3kjd:A,1,350,19.48051948051948,P31992
4wke:A,1,214,19.48051948051948,P31992
4wf6:A,1,503,19.48051948051948,P31992
2zdz:A,1,370,19.48051948051948,P31992
3qar:A,1,834,19.48051948051948,P31992
3qaq:A,1,837,19.48051948051948,P31992
4wki:A,1,214,19.48051948051948,P31992
4wk7:A,1,209,19.48051948051948,P31992
3qk0:A,1,820,19.48051948051948,P31992
4lv4:A;4lv4:B;4lv4:C;4lv4:D,4,320,19.48051948051948,P31992
3zvv:A,1,829,19.48051948051948,P31992
5v41:A,1,272,19.48051948051948,P31992
2ze1:A,1,360,19.48051948051948,P31992
4g11:A,1,836,19.48051948051948,P31992
4dk5:A,1,834,19.48051948051948,P31992
4l23:A,1,1014,19.48051948051948,P31992
4kzc:A,1,821,19.48051948051948,P31992
4kz0:A,1,833,19.48051948051948,P31992
5iu4:A;5iub:A,2,388,19.48051948051948,P31992
5iua:A,1,388,19.48051948051948,P31992
3fas:A;3fas:B,2,260,19.48051948051948,P31992
2ha4:B,1,535,19.48051948051948,P31992
5dxh:A,1,989,19.48051948051948,P31992
4gs8:A,1,954,19.48051948051948,P31992
2a5u:A,1,839,19.48051948051948,P31992
4gb9:A,1,840,19.48051948051948,P31992
3s2a:A,1,834,19.48051948051948,P31992
2ha4:A,1,537,19.48051948051948,P31992
5dxt:A,1,879,19.48051948051948,P31992
2ha6:A,1,536,19.48051948051948,P31992
4j6i:A,1,833,19.48051948051948,P31992
4urk:A,1,837,19.48051948051948,P31992
4ay6:A;4cdr:D;6ma4:A,3,698,19.48051948051948,P31992
5ewj:B,1,353,19.48051948051948,P31992
4dwk:A,1,955,19.48051948051948,P31992
5ewm:B,1,356,19.48051948051948,P31992
3l38:A,1,364,19.48051948051948,P31992
3l08:A;3l08:B,2,828,19.48051948051948,P31992
5iu7:A,1,392,19.48051948051948,P31992
5iu8:A,1,387,19.48051948051948,P31992
3qem:B,1,356,19.48051948051948,P31992
5zkb:A,1,381,19.48051948051948,P31992
4tvj:A,1,357,19.48051948051948,P31992
5itd:A,1,995,19.48051948051948,P31992
3gdt:A,1,260,19.48051948051948,P31992
3gdt:D,1,252,19.48051948051948,P31992
2chw:A,1,840,19.48051948051948,P31992
2chz:A,1,840,19.48051948051948,P31992
4aof:A,1,837,19.48051948051948,P31992
4anu:A;4anw:A;4anx:A,3,833,19.48051948051948,P31992
3qel:B,1,353,19.48051948051948,P31992
3qel:D,1,345,19.48051948051948,P31992
4jps:A,1,999,19.48051948051948,P31992
4e9u:A,1,284,19.48051948051948,P31992
6ma1:A;6ma2:A;6ma3:A;6ma5:A,4,697,19.48051948051948,P31992
3ind:A,1,370,19.48051948051948,P31992
3ine:A,1,367,19.48051948051948,P31992
6aud:A,1,840,19.48051948051948,P31992
4zzx:A;4zzy:A,2,351,19.48051948051948,P31992
1dqx:A;1dqx:B,2,267,19.48051948051948,P31992
4hhy:C,1,345,19.48051948051948,P31992
4ykn:A,1,1205,19.48051948051948,P31992
5x4m:A;5x9p:A,2,131,19.46564885496183,P02829
6f5u:B;6f5u:D;6f6i:B;6f6i:D;6f6n:B,5,131,19.46564885496183,P12821
4xu2:A,1,262,19.46564885496183,O92972
3t70:A,1,149,19.463087248322147,Q86U86
6bw8:A,1,149,19.463087248322147,O75116
4hw2:A,1,149,19.463087248322147,P47205
5ml3:B,1,149,19.463087248322147,P0A8N7
4lgu:A;4mu7:A,2,90,19.444444444444443,P26664
184l:A;185l:A;186l:A;187l:A;188l:A,6,162,19.444444444444443,O60658
1lgw:A;1li2:A;1li3:A;1li6:A,4,162,19.444444444444443,P29320
4tuh:A,1,144,19.444444444444443,P29029
3r6g:A,1,157,19.426751592356688,P29375
4ehr:A,1,139,19.424460431654676,P29029
1oko:A;1oko:B;1oko:C;1oko:D;2vxj:A,24,121,19.421487603305785,P26660
4r4q:A,1,121,19.421487603305785,O75460
3ioc:A,1,273,19.413919413919412,Q9WMX2
3wv1:A,1,170,19.41176470588235,Q9Y5S2
5ngz:A,1,152,19.407894736842106,Q9R117
5aan:A;6epa:A,2,183,19.398907103825138,P04825
4xt2:A,1,116,19.396551724137932,P26660
1hfs:A;1hfs:B,2,160,19.375,P14324
1vyq:A,1,142,19.366197183098592,O76074
4r7m:F,1,510,19.35483870967742,P32890
4r76:F,1,509,19.35483870967742,P32890
4r6t:D,1,513,19.35483870967742,P32890
2x38:A,1,822,19.35483870967742,P32890
4r76:B,1,511,19.35483870967742,P32890
4r76:E;4r7m:E,2,510,19.35483870967742,P32890
1db4:A;1db5:A;1kvo:A;1kvo:B,4,124,19.35483870967742,Q9FUZ2
5m6u:A,1,916,19.35483870967742,P32890
3kr5:D,1,513,19.35483870967742,P32890
5o83:A,1,794,19.35483870967742,P32890
4a95:A,1,384,19.35483870967742,P32890
4b12:A;4b13:A;4b14:A,3,385,19.35483870967742,P32890
6g6w:A,1,925,19.35483870967742,P32890
6b0y:A,1,168,19.345238095238095,O75116
3t6y:B,1,137,19.343065693430656,P00558
3t70:B,1,137,19.343065693430656,O15530
5tbm:A,1,106,19.339622641509433,O75460
3wix:A;6bw2:A,2,150,19.333333333333332,O75116
5x74:A,1,150,19.333333333333332,P0A8N7
4oq5:A,1,150,19.333333333333332,O75116
4hw3:A,1,150,19.333333333333332,O75116
6b4l:A,1,150,19.333333333333332,O75116
5mev:H,1,207,19.32367149758454,Q873Y0
1s50:A,1,258,19.318181818181817,P04117
2xxx:A;2xxx:B;2xxy:A;2xxy:B,4,248,19.318181818181817,P04117
2xxr:B,1,249,19.318181818181817,P04117
2xxw:B,1,251,19.318181818181817,P04117
2xxw:A,1,250,19.318181818181817,P04117
2xxr:A;2xxt:A;2xxt:B,3,248,19.318181818181817,P04117
1s9t:A;1s9t:B;1s9t:C;1s9t:D;1tt1:A,6,251,19.318181818181817,P04117
1np0:A;1np0:B,2,480,19.318181818181817,P04117
3kr5:B;3kr5:C;4r6t:C;4r76:C;4r7m:C,5,518,19.318181818181817,P04117
3qxm:A,1,250,19.318181818181817,P04117
4c52:B;4c5d:B;4c5d:D,3,145,19.310344827586206,P29029
4c52:A;4c5d:A;4c5d:C;4tuh:B,4,145,19.310344827586206,P29029
4o1l:B,1,339,19.306930693069308,P31151
6g9b:A,1,246,19.306930693069308,P31151
4fgz:A,1,258,19.306930693069308,P31151
6g9i:A,1,244,19.306930693069308,P31151
6f6i:A,1,244,19.306930693069308,P31151
5jq7:A;5jq7:C,2,250,19.306930693069308,P31151
6f6n:A,1,246,19.306930693069308,P31151
6en4:C,1,842,19.306930693069308,P31151
6f5u:A,1,243,19.306930693069308,P31151
1eub:A,1,171,19.29824561403509,Q9Y5S2
3sdg:A;3sdg:B,2,184,19.293478260869566,Q9WMX2
4jfi:A;5div:A,2,127,19.291338582677167,O75164
1vyq:B,1,140,19.285714285714285,O15530
3qkd:A,1,140,19.285714285714285,O60658
4z2g:A;4z2h:A;4z2i:A;4z2j:A;4z2k:A,6,498,19.28406466512702,Q873X9
3wd1:A,1,497,19.28406466512702,Q873X9
5anv:A,1,153,19.281045751633986,Q9RHV9
2wks:A;2wks:B;2wks:C;2wks:D;2wks:E,12,153,19.281045751633986,P35968
4p2t:A,1,192,19.270833333333332,Q9UGL1
1w2g:B,1,205,19.26829268292683,P04825
4ijl:A;4r4t:A,2,122,19.262295081967213,O75460
4wmv:A,1,514,19.25925925925926,P09382
4wgi:A,1,513,19.25925925925926,P09382
4ifh:B,1,953,19.25925925925926,P09382
4aq3:A,1,135,19.25925925925926,P07949
3t70:C,1,148,19.256756756756758,P26664
2jnp:A;2jt5:A;2jt6:A,3,161,19.25465838509317,P14324
5mes:H,1,213,19.248826291079812,Q873Y0
3iub:B;3iue:B,2,278,19.244604316546763,Q9WMX2
4hnc:B,1,351,19.23076923076923,Q819U0
4o1b:A,1,471,19.23076923076923,Q819U0
4o1b:B,1,469,19.23076923076923,Q819U0
4jnm:B;4lts:B,2,473,19.23076923076923,Q819U0
4jnm:A;4jr5:A;4l4m:A;4lww:A;4n9e:A,7,471,19.23076923076923,Q819U0
4jr5:B;4l4m:B,2,470,19.23076923076923,Q819U0
4o1d:B,1,469,19.23076923076923,Q819U0
4n9b:A;4n9b:B;4n9c:A;4n9d:A;4n9e:B,7,469,19.23076923076923,Q819U0
4n9c:B;4n9d:B,2,470,19.23076923076923,Q819U0
6fs0:A,1,156,19.23076923076923,Q9Y5S2
4m6p:A,1,472,19.23076923076923,Q819U0
3n7r:A,1,91,19.23076923076923,P08519
5wi0:A,1,464,19.23076923076923,Q819U0
4o1d:A,1,471,19.23076923076923,Q819U0
1tfq:A;1tft:A,2,117,19.23076923076923,O92972
4lts:A,1,472,19.23076923076923,Q819U0
4m6p:B,1,471,19.23076923076923,Q819U0
2vpp:B,1,182,19.23076923076923,Q13464
3r7b:A,1,156,19.23076923076923,P54764
4lxd:A,1,143,19.23076923076923,P07949
4lww:B,1,471,19.23076923076923,Q819U0
5cuh:A,1,164,19.20731707317073,P26664
4w52:A;4w53:A;4w54:A;4w55:A;4w57:A,5,164,19.20731707317073,P29320
5iez:A,1,151,19.205298013245034,O75116
3ern:C,1,151,19.205298013245034,P53355
4waf:B,1,250,19.2,P12931
5t23:A,1,804,19.196428571428573,P0A3F4
2x2r:C;2xae:C,2,329,19.196428571428573,P0A3F4
2x7c:A,1,332,19.196428571428573,P0A3F4
4r6t:E,1,513,19.196428571428573,P0A3F4
2vle:A;2vle:B;2vle:C;2vle:D;4kwf:A,14,494,19.196428571428573,P0A3F4
3c56:B,1,294,19.196428571428573,P0A3F4
1enu:A;1f3e:A;1n2v:A,3,372,19.196428571428573,P0A3F4
6ev0:B;6exm:A,2,236,19.196428571428573,P0A3F4
5f1r:A;5f1r:B,2,229,19.196428571428573,P0A3F4
4kx8:A,1,875,19.196428571428573,P0A3F4
3c56:A,1,297,19.196428571428573,P0A3F4
3ken:A,1,333,19.196428571428573,P0A3F4
3zcw:A,1,321,19.196428571428573,P0A3F4
6exm:B,1,229,19.196428571428573,P0A3F4
4a51:A,1,322,19.196428571428573,P0A3F4
2z1w:A;2z1w:B,2,362,19.196428571428573,P0A3F4
6ev0:A,1,230,19.196428571428573,P0A3F4
1yrs:A;2fky:A;2fl2:A;2g1q:A;2q2y:A,6,330,19.196428571428573,P0A3F4
6g2l:A;6g2l:B,2,198,19.19191919191919,Q9UGL1
3dz2:A,1,245,19.183673469387756,O75116
3rjm:A,1,159,19.18238993710692,P29375
3r7b:C,1,159,19.18238993710692,P26660
1xfv:A,1,735,19.18238993710692,P07435
6dry:A,1,390,19.18238993710692,O25928
3zlr:A,1,146,19.17808219178082,P29029
2xpa:A;2xpb:A,2,146,19.17808219178082,P32361
3cow:B;3coy:B,2,279,19.17562724014337,Q9WMX2
1xgi:B;2hdq:A;2hds:A;2hdu:A;2pu2:A,7,358,19.172932330827066,P05413
6g22:A;6g22:B,2,193,19.17098445595855,Q9UGL1
4nyi:R;6d55:C;6d56:C;6d59:C;6d5e:C,8,167,19.161676646706585,P43912
2gvz:B,1,188,19.148936170212767,O75116
4mti:A,1,94,19.148936170212767,P00797
4p10:A,1,402,19.130434782608695,P14174
1njc:A;1njc:B;1njd:A;1njd:B,4,316,19.130434782608695,P14174
1ogg:A;1ogg:B,2,497,19.130434782608695,P14174
3ijz:A;3ijz:B,2,312,19.130434782608695,P14174
1tsv:A;1tsv:B,2,316,19.130434782608695,P14174
1tsy:A;1tsy:B,2,316,19.130434782608695,P14174
1jmf:A;1jmf:B,2,316,19.130434782608695,P14174
1bp0:A;1bp0:B,2,316,19.130434782608695,P14174
4h4b:A;4h4b:B;4h4b:C;4h4b:D,4,468,19.130434782608695,P34884
1jmi:A;1jmi:B,2,316,19.130434782608695,P14174
1jmg:A;1jmg:B,2,316,19.130434782608695,P14174
1nje:A;1nje:B;1tsl:A;1tsl:B;1tsm:A,6,316,19.130434782608695,P14174
1nja:A;1nja:B;1njb:A;1njb:B,4,316,19.130434782608695,P14174
4x2s:A,1,405,19.130434782608695,P14174
3ik1:A;3ik1:B,2,311,19.130434782608695,P14174
5vlr:A,1,926,19.130434782608695,P34884
4wmu:A,1,516,19.130434782608695,P34884
2b7d:T;2f9b:T,2,149,19.12751677852349,P00519
5e80:B,1,149,19.12751677852349,P0A8N7
4mrd:A,1,149,19.12751677852349,P35968
5ku9:A,1,149,19.12751677852349,P47205
4f1q:A,1,183,19.12568306010929,P42527
5lm4:A,1,389,19.11764705882353,Q8E378
3nif:A;4z7q:A,2,454,19.11764705882353,P47929
5ylv:A,1,986,19.11764705882353,P47929
5i5x:A,1,358,19.11764705882353,P47929
4z7n:A;4z7o:A,2,455,19.11764705882353,P47929
5i5x:B,1,364,19.11764705882353,P47929
2bes:B,1,157,19.10828025477707,P20371
2bes:A,1,157,19.10828025477707,P20371
3ioe:B,1,280,19.107142857142858,Q9WMX2
4ijh:A;4luo:A;4luv:A;4luz:A;4lw1:A,11,123,19.10569105691057,O75460
6cq0:A,1,604,19.10569105691057,P00760
5hk2:C;6dk1:A,2,212,19.10377358490566,Q16512
5hk2:B,1,212,19.10377358490566,P27958
4i3z:B,1,257,19.10112359550562,P02754
4kbc:A,1,288,19.09722222222222,Q96L34
3zln:A,1,144,19.09722222222222,P29029
1oe0:A;1oe0:B,2,199,19.09547738693467,Q13464
6d55:A;6d56:A;6d59:A;6d5e:A;6d5g:A,7,165,19.09090909090909,P43912
4ghi:B;5tbm:B;5ufp:B,3,110,19.09090909090909,P26663
1usn:A,1,165,19.09090909090909,P14324
5d6q:B,1,186,19.086021505376344,P0ACC7
5jq7:B;5jq7:D,2,131,19.083969465648856,P08631
4kbk:A,1,283,19.081272084805654,Q96L34
1q91:A,1,194,19.072164948453608,Q9UGL1
2qlf:A,1,139,19.06474820143885,P21802
3rjm:C,1,160,19.0625,P26660
1you:A,1,168,19.047619047619047,Q9Y5S2
2gvd:B,1,189,19.047619047619047,O75116
6g7f:H;6g8m:H;6g8n:H,3,226,19.02654867256637,P26660
3n7r:B,1,92,19.02173913043478,P08519
3zlo:A,1,142,19.014084507042252,O60658
5d6p:A;5d7c:A,2,192,19.010416666666668,P0ACC7
1ung:D;1unl:D,2,150,19.0,Q9FV53
4m0f:A,1,530,19.0,P17931
1v1j:A;1v1j:B;1v1j:C;1v1j:D;1v1j:E,12,150,19.0,P0DM80
4mre:A;4mrf:A;4mrg:A;4mrh:A;4np2:A,6,150,19.0,P35968
4m0e:A,1,532,19.0,P17931
2c4v:A;2c4v:B,2,158,18.9873417721519,P19793
2yxj:A,1,137,18.978102189781023,P29029
4nyj:R;4nym:R,2,166,18.97590361445783,P43912
4elb:A;4ele:A;4elf:A;4elg:A;4elh:A,5,166,18.97590361445783,P35968
2itk:A;2xp5:A;2xp7:A;2xp8:A;3kag:A,8,145,18.96551724137931,Q9R117
2xp6:A;3kad:A;3kaf:A,3,145,18.96551724137931,O60658
3t64:A,1,153,18.954248366013072,P29317
1a4r:A;1a4r:B,2,190,18.94736842105263,P26664
4hy5:A,1,95,18.94736842105263,P00797
4jps:B,1,227,18.94273127753304,O75116
2vvt:B,1,266,18.939393939393938,P04117
2vvt:A,1,270,18.939393939393938,P04117
3kr5:E,1,510,18.939393939393938,P04117
1pfy:A,1,547,18.939393939393938,P04117
1oth:A;1oth:B;1oth:C,3,321,18.939393939393938,P04117
4r6t:B,1,511,18.939393939393938,P04117
4r7m:A,1,516,18.939393939393938,P04117
3kr5:F,1,510,18.939393939393938,P04117
4r7m:B,1,512,18.939393939393938,P04117
1zaj:A;1zaj:B;1zaj:C;1zaj:D,4,363,18.939393939393938,P04117
4r6t:A,1,514,18.939393939393938,P04117
2ql5:A;2ql5:C;2ql7:A;2ql7:C;2ql9:A,9,140,18.928571428571427,P21802
3nzw:V;3nzx:V;4qlq:H,3,222,18.91891891891892,P26660
3mlb:B,1,185,18.91891891891892,Q9WMX2
2q7m:B,1,148,18.91891891891892,P10844
5d7r:A,1,193,18.911917098445596,P0ACC7
2amt:A;2amt:B;2amt:C,3,156,18.91025641025641,P43889
3fl9:A,1,164,18.902439024390244,P35968
5g3n:A,1,127,18.89763779527559,P52789
3kr5:A,1,518,18.88888888888889,P09382
3krw:B;3krx:B,2,338,18.88888888888889,P09382
5cr7:A,1,459,18.88888888888889,P09382
1njs:A;4zyt:A;4zyu:A;4zyw:A;4zyx:A,10,200,18.88888888888889,P09382
4zyv:A,1,201,18.88888888888889,P09382
3pvu:B;4mk0:B;4pnk:B,3,339,18.88888888888889,P09382
3pvw:B,1,338,18.88888888888889,P09382
5j9f:A,1,200,18.88888888888889,P09382
5ml8:B,1,143,18.88111888111888,P0A8N7
1ru1:A,1,143,18.88111888111888,P11474
3ioe:A;3iub:A,2,286,18.88111888111888,Q9WMX2
3t64:C,1,151,18.874172185430464,P26664
1qfs:A;2xdw:A;4amy:A;4amz:A;4an0:A,9,710,18.867924528301888,P07435
2ovx:A;2ow0:A,2,159,18.867924528301888,P26664
6bqg:A,1,378,18.867924528301888,O25928
2gzl:A;2gzl:B;2gzl:C,3,159,18.867924528301888,P26660
4i7k:A;4i7m:A,2,175,18.857142857142858,Q9WMX2
2yoh:A,1,199,18.844221105527637,P42527
2hqu:A,1,138,18.840579710144926,P11309
3kce:A,1,146,18.835616438356166,Q9R117
3r7n:A,1,154,18.83116883116883,P31992
1uk0:A;1uk1:A;1wok:A;1wok:B;1wok:C,7,350,18.83116883116883,P31992
4ngt:A;4ngt:B,2,692,18.83116883116883,P31992
2or4:A;2or4:B,2,689,18.83116883116883,P31992
2rd6:A;2rd6:B;2rd6:C;2rd6:D;2rd6:E,10,350,18.83116883116883,P31992
2oz5:A,1,265,18.83116883116883,P31992
2q1l:D;3cct:D;3ccw:D;3cd7:D,4,394,18.83116883116883,P31992
2q6c:D,1,413,18.83116883116883,P31992
6h7z:A,1,695,18.83116883116883,P31992
3u92:A;3u92:B;3u92:C;3u92:D;4e0w:A,8,254,18.83116883116883,P31992
2q6c:A;3bgl:A;3bgl:B;3cct:A;3cct:B,12,421,18.83116883116883,P31992
2q6b:D,1,418,18.83116883116883,P31992
2q6b:C,1,422,18.83116883116883,P31992
2q6b:A,1,425,18.83116883116883,P31992
4az3:A,1,259,18.83116883116883,P31992
5jhb:A,1,811,18.83116883116883,P31992
2ww2:A;2ww2:B;2ww2:C,3,737,18.83116883116883,P31992
6boy:B,1,375,18.83116883116883,P31992
4igr:A;4igr:B,2,253,18.83116883116883,P31992
5ely:A,1,682,18.83116883116883,P31992
2gbi:A;2gbi:B;2i3z:A;2i3z:B,4,730,18.83116883116883,P31992
3cdb:C,1,415,18.83116883116883,P31992
4p4d:A,1,687,18.83116883116883,P31992
3cct:C;3cda:C,2,417,18.83116883116883,P31992
5ayf:A,1,238,18.83116883116883,P31992
3d7g:A;3d7g:B,2,691,18.83116883116883,P31992
1u2y:A;1u33:A,2,495,18.83116883116883,P31992
5nn6:A,1,844,18.83116883116883,P31992
3cda:A,1,422,18.83116883116883,P31992
3cda:D,1,395,18.83116883116883,P31992
4nyj:S,1,468,18.83116883116883,P31992
4ngm:A;4ngm:B;4ngn:A;4ngn:B;4ngs:A,7,696,18.83116883116883,P31992
4oc4:A;4oc4:B,2,690,18.83116883116883,P31992
4ngr:A;4ngr:B,2,689,18.83116883116883,P31992
4ngq:A;4ngq:B,2,694,18.83116883116883,P31992
4ngp:A;4ngp:B,2,695,18.83116883116883,P31992
5of0:A,1,692,18.83116883116883,P31992
4o9w:A,1,211,18.83116883116883,P31992
4p4j:A,1,686,18.83116883116883,P31992
3cbp:A,1,239,18.83116883116883,P31992
1ru2:A,1,146,18.83116883116883,P31992
4zzz:A,1,350,18.83116883116883,P31992
4zzz:B,1,342,18.83116883116883,P31992
3d7f:A;3d7f:B,2,691,18.83116883116883,P31992
4zz1:A,1,199,18.83116883116883,P31992
2q1l:B;3cd7:B,2,401,18.83116883116883,P31992
2q1l:A;3cd7:A,2,392,18.83116883116883,P31992
2q1l:C;3cd7:C,2,416,18.83116883116883,P31992
5a00:A,1,340,18.83116883116883,P31992
3cd5:D,1,416,18.83116883116883,P31992
3cd5:C,1,418,18.83116883116883,P31992
3cd5:A;3cd5:B,2,425,18.83116883116883,P31992
2jfz:A;2w4i:A,2,255,18.83116883116883,P31992
4g8n:A;4g8n:B;4nwc:A,3,255,18.83116883116883,P31992
2w4i:B;2w4i:E;2w4i:F,3,254,18.83116883116883,P31992
6d55:B;6d56:B;6d59:B;6d5e:B;6d5g:B,7,469,18.83116883116883,P31992
4az0:A;4az0:C,2,260,18.83116883116883,P31992
3s9e:A;3s9e:B,2,253,18.83116883116883,P31992
5l2m:A;5l2m:B;5l2n:A;5l2n:B,4,493,18.83116883116883,P31992
1fj4:A;1fj4:B;2aq7:B;2aqb:B,4,403,18.83116883116883,P31992
4wp7:A;4wp7:B;4wp7:C,3,494,18.83116883116883,P31992
3bgl:D,1,410,18.83116883116883,P31992
4x3r:A,1,690,18.83116883116883,P31992
5lp1:A;5lz9:A,2,370,18.83116883116883,P31992
2jbk:A;2jbk:B,2,687,18.83116883116883,P31992
4wpn:A;4wpn:B;5l2o:A,3,494,18.83116883116883,P31992
2jfz:B,1,249,18.83116883116883,P31992
4xas:A,1,440,18.83116883116883,P31992
3ccz:B,1,405,18.83116883116883,P31992
3ccz:C,1,404,18.83116883116883,P31992
3ccz:D,1,394,18.83116883116883,P31992
3cd0:D;3cdb:D,2,396,18.83116883116883,P31992
2q6c:B;3ccz:A,2,420,18.83116883116883,P31992
5yea:A,1,372,18.83116883116883,P31992
3sfi:A;3sfi:B,2,193,18.83116883116883,P31992
2q6b:B,1,423,18.83116883116883,P31992
2q6c:C;3bgl:C;3ccw:C;3cd0:C,4,414,18.83116883116883,P31992
5ye9:A,1,369,18.83116883116883,P31992
5xsr:A,1,343,18.83116883116883,P31992
2aq7:A;2aqb:A;2vb8:A;2vb8:B,4,404,18.83116883116883,P31992
5ylt:A,1,247,18.83116883116883,P31992
5i8p:A,1,369,18.83116883116883,P31992
5ye7:A,1,368,18.83116883116883,P31992
2c6g:A;2c6g:B,2,679,18.83116883116883,P31992
2xeg:A;2xeg:B;2xej:A;2xej:B,4,694,18.83116883116883,P31992
3sd5:A,1,817,18.83116883116883,P31992
2fqt:A;2fqt:B,2,154,18.83116883116883,P26663
4lqg:A;4lqg:B;4p4i:A,3,692,18.83116883116883,P31992
5xsu:A,1,346,18.83116883116883,P31992
5xst:A,1,350,18.83116883116883,P31992
5jal:A;5jan:A;5jao:A;5jap:A;5jar:A,13,371,18.83116883116883,P31992
2xei:A;2xei:B;3bi0:A;3bi0:B;3d7d:A,25,694,18.83116883116883,P31992
4ea1:A,1,280,18.83116883116883,P31992
4jlg:A,1,247,18.83116883116883,P31992
3l3m:A,1,348,18.83116883116883,P31992
4anv:A,1,848,18.83116883116883,P31992
4r6e:A,1,350,18.83116883116883,P31992
3rsv:A,1,364,18.83116883116883,P31992
5ye8:A,1,366,18.83116883116883,P31992
2yof:A,1,200,18.83116883116883,P31992
3g1m:A;3g1m:B;3o8g:A;3o8g:B;3o8h:A,6,194,18.83116883116883,P31992
4k5y:A,1,407,18.83116883116883,P31992
4hkk:A;4hkn:A;4ui4:B;4ui5:B;4ui6:B,11,162,18.82716049382716,O60658
2qk8:A,1,162,18.82716049382716,P35968
1bzf:A;1dis:A,2,162,18.82716049382716,P0DMV8
1kzn:A,1,186,18.817204301075268,O75116
3iob:A;3ivg:A,2,287,18.81533101045296,Q9WMX2
3imc:A,1,287,18.81533101045296,Q9WMX2
5brn:A,1,194,18.814432989690722,Q9WYW0
3ttz:A;3u2k:A,2,194,18.814432989690722,P0ACC7
1s64:B,1,346,18.81188118811881,P31151
4ek9:A,1,325,18.81188118811881,P31151
5ndd:A,1,567,18.81188118811881,P31151
6m9t:A,1,444,18.81188118811881,P31151
3hig:A;3hii:A,2,714,18.81188118811881,P31151
3hig:B;3hii:B,2,709,18.81188118811881,P31151
3uo9:A,1,411,18.81188118811881,P31151
3uo9:B,1,401,18.81188118811881,P31151
3uo9:C,1,404,18.81188118811881,P31151
3uo9:D,1,408,18.81188118811881,P31151
5v86:A,1,360,18.81188118811881,P31151
5v88:A,1,363,18.81188118811881,P31151
5fi6:A;5fi6:B;5fi6:C;5fi6:D;5fi7:A,6,410,18.81188118811881,P31151
5jyp:A;5jyp:B;5jyp:C;5jyp:D,4,308,18.81188118811881,P31151
5v83:A,1,364,18.81188118811881,P31151
4phu:A,1,434,18.81188118811881,P31151
6bg3:A;6bg5:A,2,366,18.81188118811881,P31151
5jyo:D,1,311,18.81188118811881,P31151
2yaz:A,1,257,18.81188118811881,P31151
3voz:A;3voz:B;3voz:C;3voz:D;3vp1:A,8,313,18.81188118811881,P31151
2yaz:B;2yb0:B,2,263,18.81188118811881,P31151
4e5d:A,1,425,18.81188118811881,P31151
2yb0:A,1,258,18.81188118811881,P31151
3vp4:A;3vp4:B;3vp4:C;3vp4:D,4,312,18.81188118811881,P31151
4fkk:A,1,902,18.81188118811881,P31151
5i94:A;5i94:B;5i94:C;5i94:D;5wj6:A,6,410,18.81188118811881,P31151
4m0f:B,1,535,18.8,P17931
4r76:D;4r7m:D,2,514,18.796992481203006,P05413
4r76:A,1,515,18.796992481203006,P05413
1xgj:A,1,351,18.796992481203006,P05413
2hdr:A,1,352,18.796992481203006,P05413
4r6t:F,1,508,18.796992481203006,P05413
1gu1:A;1gu1:B;1gu1:C;1gu1:D;1gu1:E,12,149,18.79194630872483,O92972
4jit:A,1,149,18.79194630872483,P11362
2q7m:C,1,149,18.79194630872483,P10844
3o0g:E,1,149,18.79194630872483,Q99558
3ern:A;3ern:B,2,157,18.78980891719745,P43889
4xct:A;5i12:A,2,157,18.78980891719745,P26664
6f22:A,1,157,18.78980891719745,Q9RHV9
966c:A,1,157,18.78980891719745,P0ACC7
2vpp:A,1,189,18.78306878306878,O75116
1zm7:A,1,197,18.781725888324875,Q13464
1jk7:A,1,294,18.75,P0A3F4
2xp4:A,1,144,18.75,O60658
5ikb:A,1,249,18.75,P0A3F4
1k08:A;1k08:B,2,817,18.75,P0A3F4
3g2n:A,1,815,18.75,P0A3F4
3g2h:A;3sym:A;3sym:B;3syr:A;3syr:B,15,806,18.75,P0A3F4
2amv:A;2amv:B,2,829,18.75,P0A3F4
1kti:A;1kti:B,2,805,18.75,P0A3F4
3p8p:A,1,275,18.75,P0A3F4
3qel:A;3qem:A,2,355,18.75,P0A3F4
2qrp:A;2qrp:B,2,810,18.75,P0A3F4
3l7a:A;3l7a:B,2,810,18.75,P0A3F4
3l7b:A;3l7b:B;3l7d:A;3l7d:B;3mqf:A,8,808,18.75,P0A3F4
6bsl:A,1,201,18.75,P0A3F4
2g9u:A;2g9u:B,2,802,18.75,P0A3F4
1gpy:A;1gpy:B,2,828,18.75,P0A3F4
3v2w:A,1,442,18.75,P02701
2g9q:A;2g9q:B,2,803,18.75,P0A3F4
2g9v:A;2g9v:B,2,806,18.75,P0A3F4
1h5u:A;1h5u:B,2,811,18.75,P0A3F4
3l7c:A;3l7c:B,2,811,18.75,P0A3F4
6bsm:A,1,200,18.75,P0A3F4
2qnb:A;2qnb:B;3mtb:A;3mtb:B,4,810,18.75,P0A3F4
2g9r:A;2g9r:B;2qln:A;2qln:B;2qrg:A,48,809,18.75,P0A3F4
5ewj:A;5ewm:A,2,357,18.75,P0A3F4
5eie:A,1,538,18.75,P47929
1e1y:A;1e1y:B,2,813,18.75,P0A3F4
3wgw:A;3wgw:B;3wgw:C,3,248,18.75,P0A3F4
6enm:A,1,152,18.75,P26664
4im0:A;4im0:B,2,619,18.75,P0A3F4
3mrx:A;3mrx:B;3ms2:A;3ms2:B,4,810,18.75,P0A3F4
5v1b:A,1,226,18.75,P0A3F4
3hf6:A,1,280,18.75,P47929
4i7l:A,1,176,18.75,Q9WMX2
5tyh:A;5tyh:B;5tyh:C,3,185,18.75,P0A3F4
1gfz:A;1gfz:B,2,814,18.75,P0A3F4
1b4d:A,1,804,18.75,P0A3F4
2qn3:A;2qn3:B;3np7:A;3np7:B,4,812,18.75,P0A3F4
1k06:A;1k06:B,2,807,18.75,P0A3F4
2qrq:A;2qrq:B,2,807,18.75,P0A3F4
1a8i:A;1a8i:B;1z6p:A;1z6p:B;1z6q:A,6,812,18.75,P0A3F4
1caq:A;1g4k:A;1sln:A;3usn:A,4,168,18.75,P14324
3il6:A;3il6:B,2,319,18.75,P02701
2qn1:A;2qn1:B;2qn2:A;2qn2:B,4,812,18.75,P0A3F4
2jaj:A;3p8e:A,2,272,18.75,P0A3F4
4mhs:A;4mhs:B;4mi6:A;4mi6:B,4,809,18.75,P0A3F4
3zlr:B,1,144,18.75,P29029
1r1i:A;1r1j:A;2yb9:A;2yb9:B,4,696,18.75,P0A3F4
1qm4:A;1qm4:B,2,368,18.75,P0A3F4
3hf8:A;3hfb:A,2,274,18.75,P47929
1e3v:A,1,128,18.75,P26664
1c8l:A;1c8l:B;3amv:A;3amv:B,4,811,18.75,P0A3F4
1c50:A;1c50:B;1hlf:A;1hlf:B;2pri:A,8,830,18.75,P0A3F4
6gbx:A,1,328,18.75,P0A3F4
5t2y:A;5t2y:B;5t2y:C,3,192,18.75,P0A3F4
4btl:B,1,534,18.75,P47929
3coz:A;3img:A;3iue:A;3ivx:A;3le8:A,5,288,18.75,Q9WMX2
3i4a:A,1,275,18.75,P0A3F4
4ke1:A,1,355,18.732394366197184,P00797
1i72:A;1i72:D,2,251,18.725099601593627,O75116
4rab:C,1,203,18.7192118226601,P56216
4rac:C,1,203,18.7192118226601,P56216
4agq:A;5aba:A;5aoj:A,3,195,18.71794871794872,P56373
4f1l:A,1,187,18.71657754010695,P42527
1hy7:B,1,171,18.71345029239766,P14324
1ryh:A,1,171,18.71345029239766,P02829
5ant:A,1,155,18.70967741935484,P27958
2q7m:A,1,139,18.705035971223023,P26662
3dz4:A,1,246,18.69918699186992,O75116
4b80:A,1,538,18.695652173913043,P34884
4b81:B;4b82:B;4b85:B,3,533,18.695652173913043,P34884
4b80:B;4b83:B,2,533,18.695652173913043,P34884
1q83:B;1q84:B,2,531,18.695652173913043,P34884
5nn0:A,1,527,18.695652173913043,P14174
1q83:A;1q84:A;5ehn:A,3,536,18.695652173913043,P34884
4v24:A,1,351,18.695652173913043,P14174
5jha:A,1,803,18.695652173913043,P34884
2ha6:B,1,533,18.695652173913043,P34884
4b7z:A;4b81:A;4b82:A;4btl:A;5fum:A,6,535,18.695652173913043,P34884
2nsx:B;3rik:B;3ril:B;3ril:D,4,497,18.695652173913043,P14174
4tpk:A;5lkr:A,2,528,18.695652173913043,P14174
2alv:A;2alv:B,2,302,18.695652173913043,P34884
4fys:A,1,903,18.695652173913043,P34884
2gz7:A;2gz7:B;2gz8:A;2gz8:B;2zu5:A,6,306,18.695652173913043,P34884
6eqp:A,1,526,18.695652173913043,P14174
1n5r:A;2ha2:A;4b83:A;4b85:A,4,536,18.695652173913043,P34884
4b7z:B,1,534,18.695652173913043,P34884
1nd5:B,1,342,18.695652173913043,P34884
3ril:A;3ril:C,2,496,18.695652173913043,P14174
4b84:A,1,536,18.695652173913043,P34884
4b84:B,1,533,18.695652173913043,P34884
2v3e:A,1,498,18.695652173913043,P14174
5lvx:A;5lvx:B,2,497,18.695652173913043,P14174
1n5r:B;2ha2:B,2,534,18.695652173913043,P34884
6chh:A,1,269,18.695652173913043,P14174
2qiq:A;2qiq:B,2,301,18.695652173913043,P34884
5yjf:A,1,256,18.695652173913043,P14174
3vb5:A,1,301,18.695652173913043,P34884
2xwe:A,1,496,18.695652173913043,P14174
5dyt:A;5dyy:A,2,526,18.695652173913043,P14174
5dyw:A;5k5e:A;6f7q:A;6f7q:B,4,527,18.695652173913043,P14174
3nif:L;4z7q:L,2,214,18.69158878504673,Q9UGL1
1zm7:B,1,198,18.68686868686869,Q13464
6g2n:A;6g2n:B,2,190,18.68421052631579,Q13464
2ozr:D,1,166,18.674698795180724,Q9Y5S2
2w9h:A,1,158,18.670886075949365,P52789
1mnc:A,1,158,18.670886075949365,O92972
6esm:A,1,158,18.670886075949365,P26664
4wzv:A,1,158,18.670886075949365,P26664
4jit:B;4jit:C,2,150,18.666666666666668,P11362
5hk2:A,1,217,18.663594470046082,P26664
4rab:B,1,201,18.65671641791045,P56216
4yik:A;4yik:B,2,201,18.65671641791045,Q9UGL1
3dz5:A,1,244,18.647540983606557,O75116
1biw:A;1bqo:A;1d5j:A;1d7x:A,4,169,18.63905325443787,P14324
6dk1:C,1,220,18.636363636363637,P31751
3nzw:W;3nzx:W;4qlq:I;6g7f:I;6g8m:I,6,204,18.627450980392158,Q9R117
4n1u:A,1,153,18.627450980392158,Q00534
4ijq:D;4rac:A;5w8v:D,3,204,18.627450980392158,P56216
2vuk:B,1,196,18.622448979591837,P56373
4ago:A;4agp:A;5a7b:A;5g4o:A;5o1a:A,9,196,18.622448979591837,P56373
5bsk:D,1,188,18.617021276595743,P26662
1y2g:A,1,137,18.613138686131386,P20581
2zu3:A,1,180,18.61111111111111,Q9R117
1e3v:B,1,129,18.6046511627907,P26664
4m0e:B,1,537,18.6,P17931
4bdt:A;4bdt:B,2,563,18.6,P17931
2obf:A;2onz:A;2opb:A,3,257,18.58974358974359,Q819U0
4o15:A,1,465,18.58974358974359,Q819U0
4o28:B,1,464,18.58974358974359,Q819U0
2ony:A,1,257,18.58974358974359,Q819U0
6f20:A,1,156,18.58974358974359,P27958
4bcq:D,1,254,18.58974358974359,Q819U0
2g8n:A,1,258,18.58974358974359,Q819U0
2g70:A,1,261,18.58974358974359,Q819U0
1hnn:A;1n7i:A;1n7j:A,3,261,18.58974358974359,Q819U0
2g72:A,1,264,18.58974358974359,Q819U0
2g71:A,1,261,18.58974358974359,Q819U0
1yz3:B,1,267,18.58974358974359,Q819U0
1yz3:A,1,263,18.58974358974359,Q819U0
5lx6:A,1,191,18.586387434554975,P26660
4izm:A;4izm:B;4izm:C,3,404,18.579234972677597,P22629
3coy:A,1,280,18.571428571428573,Q9WMX2
4cd1:A,1,406,18.571428571428573,P09211
2yig:A,1,167,18.562874251497007,Q9Y5S2
5b5p:A,1,167,18.562874251497007,Q9Y5S2
1mmr:A,1,167,18.562874251497007,P22455
2ow9:A;2ozr:A;2ozr:B;2ozr:C;2ozr:F,6,167,18.562874251497007,Q9Y5S2
5clm:A,1,376,18.560606060606062,P04117
5mim:A;6eqv:A;6eqw:A,3,473,18.560606060606062,P04117
5m7m:A,1,759,18.560606060606062,P04117
4zga:A,1,740,18.560606060606062,P04117
4omc:A;4omd:A;4ryd:A,3,466,18.560606060606062,P04117
5jfr:A,1,366,18.560606060606062,P04117
5mhp:A,1,768,18.560606060606062,P04117
4zg9:A,1,750,18.560606060606062,P04117
4zg7:A,1,776,18.560606060606062,P04117
3dp9:A,1,229,18.558951965065503,P27958
5khh:A;5khh:B;5khh:C;5khh:D,4,194,18.556701030927837,P02829
4qfr:B,1,159,18.553459119496857,P42527
3tt4:A,1,159,18.553459119496857,P12931
6f23:A,1,159,18.553459119496857,Q00534
5kyk:A,1,159,18.553459119496857,P10844
4wk2:A,1,448,18.553459119496857,O25928
1kmv:A;4g95:A,2,186,18.548387096774192,P0A8M3
3smq:A;3smq:B,2,299,18.548387096774192,P32890
4ryl:A;4ryl:B,2,300,18.548387096774192,P32890
3n0h:A;3oaf:A,2,186,18.548387096774192,P0A8M3
3s3v:A,1,186,18.548387096774192,P0A8M3
3eig:A,1,186,18.548387096774192,P0A8M3
1ndw:A;1ndy:A;1v79:A;1v7a:A;2e1w:A,6,349,18.548387096774192,P32890
1u71:A,1,186,18.548387096774192,P0A8M3
4nbl:B,1,242,18.548387096774192,P32890
2qu2:A,1,364,18.543956043956044,P00797
2flr:T,1,151,18.543046357615893,P00519
4jlj:A;4jln:A,2,232,18.53448275862069,O75116
3cow:A,1,286,18.53146853146853,Q9WMX2
5g4m:B;5g4n:B,2,197,18.527918781725887,P56373
4agm:A;4agn:A;5o1b:A;5o1c:A;5o1d:A,6,197,18.527918781725887,P56373
5ij7:A,1,465,18.51851851851852,P09382
5wg6:A,1,517,18.51851851851852,P09382
6dm8:A,1,513,18.51851851851852,P09382
3esj:A;3esj:B;3esj:C,3,162,18.51851851851852,P26660
4xnv:A,1,340,18.51851851851852,P09382
3mlb:A,1,189,18.51851851851852,P22455
4c9w:A;4c9w:B;4c9x:A;4c9x:B;4n1t:A,13,154,18.506493506493506,Q00534
1biw:B;1bm6:A;1bqo:B;1d7x:B;1d8f:B,8,173,18.497109826589597,P29029
6cq5:A,1,602,18.495934959349594,P00760
6cq4:A,1,604,18.495934959349594,P00760
6bny:A,1,609,18.495934959349594,P00760
6boe:A,1,600,18.495934959349594,P00760
4jpa:A,1,165,18.484848484848484,P10844
3i7g:A;3i7i:A,2,165,18.484848484848484,P10844
3dp9:C,1,230,18.47826086956522,P27958
3fkt:A;3fkt:B,2,368,18.47826086956522,P00797
4ieh:A,1,138,18.47826086956522,P07949
4ijq:B;4rao:C,2,203,18.472906403940886,P56216
2gvd:C,1,322,18.471337579617835,P81245
2gvz:C,1,330,18.471337579617835,P81245
4jlj:B;4jlm:A;4jlm:B,3,233,18.454935622317596,O75116
3wv3:A,1,168,18.452380952380953,P10844
1los:B,1,206,18.446601941747574,P26663
2ica:A,1,179,18.435754189944134,O76074
4zpg:A,1,369,18.428184281842817,P00797
4o28:A,1,465,18.42105263157895,P05413
2i6a:A,1,343,18.42105263157895,P02701
3il5:A,1,320,18.42105263157895,P02701
4o15:B,1,466,18.42105263157895,P05413
1p4r:A;1pl0:A;5uy8:A;5uy8:B;5uz0:A,6,589,18.42105263157895,P02701
3il5:B,1,319,18.42105263157895,P02701
1pl0:B,1,587,18.42105263157895,P02701
2h03:A,1,288,18.42105263157895,P05413
1apv:E;1apw:E;1bxo:A;1bxq:A;1ppl:E,6,323,18.42105263157895,P00797
1p4r:B,1,588,18.42105263157895,P02701
4gr8:A,1,152,18.42105263157895,P51812
4q19:A,1,228,18.42105263157895,O75116
6dk1:B,1,220,18.40909090909091,P26664
1cqp:A;3bqn:B;3e2m:A;3e2m:B,4,182,18.406593406593405,O75116
5t9u:A;5t9z:A;5ta2:A,3,163,18.404907975460123,Q9RHV9
3kej:A,1,163,18.404907975460123,Q9Y5S2
6gl8:A,1,144,18.40277777777778,P54764
4i7j:A,1,174,18.39080459770115,Q9WMX2
2uz9:A;2uz9:B,2,444,18.38235294117647,P47929
4e8y:A;4e8y:B;4e8z:A;4e8z:B,4,308,18.38235294117647,P47929
4e8w:A;4e8w:B,2,299,18.38235294117647,P47929
1iyl:A,1,384,18.38235294117647,P47929
4qvx:A;4qvx:B,2,136,18.38235294117647,P0A8M3
4jln:B,1,234,18.376068376068375,O75116
3wv2:A,1,166,18.373493975903614,Q9Y5S2
3zxh:A;3zxh:C;5bot:A;5boy:A,4,166,18.373493975903614,Q9Y5S2
4yqm:A;4yqm:B,2,237,18.354430379746834,O15530
4qfs:B,1,158,18.354430379746834,P44542
1a85:A;1a86:A;1jaq:A;1jj9:A,4,158,18.354430379746834,P20906
1fls:A,1,158,18.354430379746834,Q9Y5S2
5lss:A,1,237,18.354430379746834,Q9Y5S2
4qfs:C,1,267,18.352059925093634,P02829
1y2f:A,1,139,18.345323741007196,P20581
2qu3:A,1,368,18.342391304347824,P00797
3qak:A,1,444,18.333333333333332,P61823
5wf5:A,1,444,18.333333333333332,P61823
2aou:A,1,286,18.333333333333332,P09211
3eml:A,1,448,18.333333333333332,P61823
5wf6:A,1,441,18.333333333333332,P61823
3m6f:A,1,180,18.333333333333332,O76074
4zpf:A,1,371,18.328840970350406,P00797
4x2l:A;5t1w:A,2,371,18.328840970350406,P00797
4bek:A;4j1i:A;5f00:A,3,371,18.328840970350406,P00797
2f34:A;2f35:A,2,251,18.326693227091635,O75116
4hki:A;4hl5:A;4hlf:A;4hlg:A;4hlh:A,27,161,18.322981366459626,O60658
4mjo:D,1,318,18.316831683168317,P31151
1x70:A;1x70:B;2fjp:A;2fjp:B;2iit:A,36,728,18.316831683168317,P31151
3a29:B;3a29:C;3a29:D;3kbz:B;3kbz:C,11,318,18.316831683168317,P31151
3ccb:A;3ccc:A;3ccc:B;3g0g:A;4g1f:A,5,724,18.316831683168317,P31151
3ccb:B;3g0c:B,2,729,18.316831683168317,P31151
4n8d:B,1,733,18.316831683168317,P31151
4oty:A,1,552,18.316831683168317,P31151
4oty:B,1,551,18.316831683168317,P31151
2fhy:A;2fhy:D;2fhy:H;2fhy:L,4,318,18.316831683168317,P31151
1f57:A,1,307,18.316831683168317,P31151
4djh:B,1,448,18.316831683168317,P31151
1iy7:A,1,307,18.316831683168317,P31151
2fie:A;2fie:D;2fie:H;2fie:L;2fix:A,8,319,18.316831683168317,P31151
3g0g:B,1,730,18.316831683168317,P31151
3g0d:B,1,728,18.316831683168317,P31151
3g0c:A;3g0d:A,2,723,18.316831683168317,P31151
1cbx:A,1,307,18.316831683168317,P31151
6ckx:B,1,238,18.316831683168317,P31151
4n8d:A;4n8e:A,2,727,18.316831683168317,P31151
4n8e:B,1,734,18.316831683168317,P31151
5kby:A,1,725,18.316831683168317,P31151
1n1m:B;1nu8:A;1nu8:B;1rwq:A;1rwq:B,26,728,18.316831683168317,P31151
2onc:A,1,724,18.316831683168317,P31151
2onc:B,1,728,18.316831683168317,P31151
3vw7:A,1,442,18.316831683168317,P31151
2bgr:A;2bgr:B;2rip:A;2rip:B;3vjk:A,12,729,18.316831683168317,P31151
3fvl:A;3fvl:C;3fvl:E,3,307,18.316831683168317,P31151
3g0b:A;3nox:A;3nox:B;3o95:A;3o9v:A,10,727,18.316831683168317,P31151
1juj:A;1juj:B,2,286,18.316831683168317,P31151
4rs0:A,1,557,18.316831683168317,P31151
4kn2:A,1,202,18.316831683168317,Q99558
3g0b:B;3o95:B;3o9v:B;3opm:B,4,733,18.316831683168317,P31151
3ies:A,1,431,18.316831683168317,P31151
4rad:C,1,202,18.316831683168317,P56216
2nwl:C,1,403,18.316831683168317,P31151
2nwl:A,1,402,18.316831683168317,P31151
2ajl:I,1,726,18.316831683168317,P31151
5acb:B,1,248,18.316831683168317,P31151
1n1m:A;2g5p:A;2g5p:B;2g5t:A;2g5t:B,18,726,18.316831683168317,P31151
2za3:A,1,315,18.316831683168317,P31151
2nww:A;2nww:B;2nww:C,3,407,18.316831683168317,P31151
2jjk:C;2y5k:C,2,319,18.316831683168317,P31151
5cgc:A,1,409,18.316831683168317,P31151
3h9k:A;3h9k:B;3hb8:A;3hb8:B,4,281,18.316831683168317,P31151
3qox:A,1,326,18.316831683168317,P31151
2za3:B,1,316,18.316831683168317,P31151
5cgd:A,1,408,18.316831683168317,P31151
1i00:A;1i00:B,2,278,18.316831683168317,P31151
4djh:A,1,447,18.316831683168317,P31151
1fta:D,1,318,18.316831683168317,P31151
4oo9:A,1,407,18.316831683168317,P31151
1hvy:A;1hvy:B,2,287,18.316831683168317,P31151
6hpw:A,1,142,18.309859154929576,Q9Y5S2
4n6h:A,1,408,18.306010928961747,P22629
5u5k:A,1,358,18.303571428571427,P0A3F4
2qzk:A,1,376,18.303571428571427,P0A3F4
4ge2:A;4ge5:A,2,298,18.303571428571427,P0A3F4
4b1d:A;4b72:A;4b77:A,3,376,18.303571428571427,P0A3F4
4j1k:A,1,368,18.303571428571427,P0A3F4
6ej3:A,1,368,18.303571428571427,P0A3F4
4j1c:A,1,371,18.303571428571427,P0A3F4
5tol:A,1,374,18.303571428571427,P0A3F4
2qzl:A,1,375,18.303571428571427,P0A3F4
5w5v:A,1,599,18.303571428571427,P0A3F4
1kz8:A;1kz8:F;1kz8:B;1kz8:C,4,319,18.303571428571427,P0A3F4
3rtm:A;3rvi:A,2,369,18.303571428571427,P0A3F4
5ie1:A,1,361,18.303571428571427,P0A3F4
2b8l:A;2irz:A;2is0:A;2p8h:A,4,379,18.303571428571427,P0A3F4
5i3w:A,1,377,18.303571428571427,P0A3F4
6f90:A,1,714,18.303571428571427,P0A3F4
1ym2:A;3vg1:A,2,376,18.303571428571427,P0A3F4
4bqx:A,1,217,18.303571428571427,P0A3F4
4j0v:A;4j0y:A;4j17:A;4j1e:A,4,379,18.303571428571427,P0A3F4
2hiz:A;2p83:A;4k8s:A,3,371,18.303571428571427,P0A3F4
4dh6:A,1,367,18.303571428571427,P0A3F4
3h0b:A,1,372,18.303571428571427,P0A3F4
5ox6:A,1,222,18.303571428571427,P0A3F4
4dus:A,1,365,18.303571428571427,P0A3F4
3msj:A,1,373,18.303571428571427,P0A3F4
3n4l:A,1,375,18.303571428571427,P0A3F4
3kv2:A;3kv2:B;3kv2:C;3lp4:A;3lp4:B,9,313,18.303571428571427,P0A3F4
3tpp:A,1,375,18.303571428571427,P0A3F4
3hqr:A,1,225,18.303571428571427,P0A3F4
2f3e:A;3dv1:A;3dv5:A;3k5c:A;3k5g:A,8,377,18.303571428571427,P0A3F4
3ru1:A,1,363,18.303571428571427,P0A3F4
3rtn:A,1,367,18.303571428571427,P0A3F4
1lev:A;1lev:F;1lev:B;1lev:C,4,311,18.303571428571427,P0A3F4
5h19:A,1,355,18.303571428571427,P0A3F4
3hvg:A,1,379,18.303571428571427,P0A3F4
2xfj:A,1,374,18.303571428571427,P0A3F4
4bqw:A,1,216,18.303571428571427,P0A3F4
3k5f:A,1,373,18.303571428571427,P0A3F4
6fgy:A,1,379,18.303571428571427,P0A3F4
3duy:A;4k9h:A,2,370,18.303571428571427,P0A3F4
3exo:A,1,373,18.303571428571427,P0A3F4
4bfd:A,1,372,18.303571428571427,P0A3F4
5j3s:A,1,236,18.303571428571427,P0A3F4
4dpf:A,1,375,18.303571428571427,P0A3F4
6bod:A,1,610,18.303571428571427,P0A3F4
4j0p:A,1,376,18.303571428571427,P0A3F4
5enk:A;5enm:A;5kr8:A,3,359,18.303571428571427,P0A3F4
2fdp:A;3ixj:A;3ixk:A,3,373,18.303571428571427,P0A3F4
2vnm:A;2vnn:A;2wf1:A;2wf2:A;2wf3:A,5,375,18.303571428571427,P0A3F4
2o22:A,1,164,18.303571428571427,P0A3F4
3ufl:A,1,373,18.303571428571427,P0A3F4
2w54:B,1,760,18.303571428571427,P0A3F4
1fpi:A;1fpi:B;1fpi:C;1fpi:D,4,317,18.303571428571427,P0A3F4
2xfk:A,1,372,18.303571428571427,P0A3F4
2viy:A;2wez:A;2wf0:A;2wf4:A;2xfi:A,5,373,18.303571428571427,P0A3F4
4j1f:A,1,376,18.303571428571427,P0A3F4
2vie:A,1,374,18.303571428571427,P0A3F4
4j1h:A,1,370,18.303571428571427,P0A3F4
3mfw:A;3mfw:B;3mfw:C,3,315,18.303571428571427,P0A3F4
4xkx:A,1,363,18.303571428571427,P0A3F4
3mjl:A;3mjl:B;3mjl:C,3,314,18.303571428571427,P0A3F4
4az0:B;4az0:D,2,153,18.30065359477124,Q9R117
5t9w:A;5ta4:A,2,164,18.29268292682927,Q9RHV9
3kek:A;3kry:A,2,164,18.29268292682927,Q9Y5S2
5brn:D,1,197,18.274111675126903,Q9UGL1
4rad:A,1,197,18.274111675126903,P56216
4ntj:A,1,369,18.26923076923077,Q819U0
2q93:A;2q95:A;2q96:A,3,263,18.26923076923077,Q819U0
5nev:B,1,255,18.26923076923077,Q819U0
1xnz:A;2p98:A;2p9a:A;2q92:A;2q94:A,5,262,18.26923076923077,Q819U0
1yvm:A,1,262,18.26923076923077,Q819U0
4qfr:C,1,279,18.26923076923077,Q819U0
1oiu:B,1,256,18.26923076923077,Q819U0
2p99:A,1,261,18.26923076923077,Q819U0
2evc:A;2evm:A,2,259,18.26923076923077,Q819U0
1e9h:B;1h1p:B;1h1q:B;1h1r:B;1h1s:B,28,258,18.26923076923077,Q819U0
1loq:A;1loq:B,2,208,18.26923076923077,P26663
4f6x:A,1,281,18.26923076923077,Q819U0
2iw6:B;2uzl:B;2wih:B;2wxv:D;3eid:B,11,257,18.26923076923077,Q819U0
4ea2:A,1,281,18.26923076923077,Q819U0
2iw9:D,1,255,18.26923076923077,Q819U0
2i40:B,1,257,18.26923076923077,Q819U0
5b5o:A,1,167,18.263473053892216,P10844
5dhh:A,1,282,18.26241134751773,P26660
4x8g:A,1,606,18.26086956521739,P14174
5tus:A,1,720,18.26086956521739,P34884
5tus:B,1,731,18.26086956521739,P34884
4q18:A,1,230,18.26086956521739,O75116
6bkx:C;6bkx:A,2,417,18.26086956521739,P14174
3rde:A,1,552,18.26086956521739,P14174
6ary:A,1,537,18.26086956521739,P14174
2w54:A,1,450,18.26086956521739,P14174
3dln:A;3rt6:B;3rt6:A;3rt8:A;3rt8:B,7,258,18.26086956521739,P14174
1dgm:A,1,346,18.26086956521739,P14174
5ubt:A,1,911,18.26086956521739,P34884
6bky:D;6bl1:B;6bl1:A;6bl2:A;6bl2:C,5,416,18.26086956521739,P14174
4ie6:A,1,447,18.26086956521739,P34884
2nwl:B,1,398,18.26086956521739,P14174
4kcg:B;4q1a:A;4q1c:A,3,230,18.26086956521739,O75116
1rbp:A;4o9s:A;4psq:B,3,175,18.26086956521739,P34884
3fmz:A,1,174,18.26086956521739,P34884
6bky:C,1,414,18.26086956521739,P14174
1nd5:A;1nd5:C,2,342,18.26086956521739,P34884
5eqp:A;5eqy:A,2,352,18.258426966292134,P02754
4cga:A;4cga:B,2,354,18.258426966292134,P02754
5dtm:A;5dtr:A,2,319,18.238993710691823,P07435
4ymb:B,1,255,18.235294117647058,O75116
4dld:A,1,255,18.235294117647058,O75116
4kmz:A,1,203,18.226600985221676,Q99558
2ph8:A,1,365,18.21917808219178,P00797
3ns7:A,1,162,18.209876543209877,P26660
3e90:B,1,173,18.208092485549134,P26660
3nzc:X,1,206,18.203883495145632,P02829
4qlq:A,1,250,18.2,P00519
4mjo:B;4mjo:C,2,317,18.181818181818183,P31992
3a29:A;3kbz:A;3kc0:A;3kc1:A,4,319,18.181818181818183,P31992
3qk5:B,1,546,18.181818181818183,P31992
6e59:A,1,479,18.181818181818183,P31992
6iik:B,1,334,18.181818181818183,P31992
3c49:A;3c4h:A,2,357,18.181818181818183,P31992
4mjo:A,1,319,18.181818181818183,P31992
4ijq:A,1,198,18.181818181818183,Q9WYW0
6ej2:A,1,377,18.181818181818183,P04117
4gtm:B;4gtq:B,2,405,18.181818181818183,P31992
6ht1:A,1,143,18.181818181818183,Q9Y5S2
4zj8:A;4zjc:A,2,503,18.181818181818183,P31992
6iin:B,1,335,18.181818181818183,P31992
4gto:B,1,406,18.181818181818183,P31992
6iil:A,1,341,18.181818181818183,P31992
6iik:A,1,335,18.181818181818183,P31992
5sym:A,1,223,18.181818181818183,P31992
5syn:A,1,223,18.181818181818183,P31992
5nn5:A,1,845,18.181818181818183,P04117
1fta:A,1,319,18.181818181818183,P31992
3vzd:B,1,342,18.181818181818183,P31992
6iil:B,1,332,18.181818181818183,P31992
3vzd:C;3vzd:F,2,346,18.181818181818183,P31992
2xzg:A,1,358,18.181818181818183,P31992
6iin:A,1,336,18.181818181818183,P31992
3vzd:A;3vzd:D,2,349,18.181818181818183,P31992
4clp:A;4clp:B;4clp:C,3,459,18.181818181818183,P31992
3qj9:B,1,544,18.181818181818183,P31992
2rjp:A,1,291,18.181818181818183,P31992
3kc1:D,1,317,18.181818181818183,P31992
5olb:A,1,785,18.181818181818183,P04117
4nym:S,1,469,18.181818181818183,P31992
1fta:B;1fta:C,2,317,18.181818181818183,P31992
4nyi:S,1,472,18.181818181818183,P31992
4n7e:A,1,653,18.181818181818183,P31992
1vsn:A,1,215,18.181818181818183,P31992
1d8e:B,1,407,18.181818181818183,P31992
5v3o:C,1,363,18.181818181818183,P31992
1o5m:B;2r2l:B,2,401,18.181818181818183,P31992
5unh:B,1,372,18.181818181818183,P04117
1nmk:A;6gjj:A;6gjm:A;6gjy:A,4,165,18.181818181818183,Q9RHV9
4q18:B,1,231,18.181818181818183,O75116
4uro:A,1,187,18.181818181818183,O60658
4q1a:B;4q1d:A;4q1e:A;4q1e:B;4q1f:A,6,231,18.181818181818183,O75116
4hbp:B,1,535,18.181818181818183,P31992
4l7u:A,1,352,18.181818181818183,P31992
3p0g:A,1,284,18.181818181818183,P04117
5fv7:A,1,283,18.181818181818183,P31992
4do3:A,1,543,18.181818181818183,P31992
3k4d:A;3k4d:B;3k4d:C;3k4d:D,4,596,18.181818181818183,P31992
1n94:B,1,397,18.181818181818183,P31992
4l7l:A;4l7n:A;4l7r:A,3,353,18.181818181818183,P31992
1nhx:A,1,605,18.181818181818183,P31992
2gmv:A,1,602,18.181818181818183,P31992
4do3:B,1,544,18.181818181818183,P31992
4qkx:A,1,454,18.181818181818183,P04117
2h02:A,1,278,18.181818181818183,P04117
2yol:A,1,212,18.181818181818183,P04117
4q6r:A,1,442,18.181818181818183,P31992
2pbw:B,1,253,18.181818181818183,O75116
4q6r:B,1,443,18.181818181818183,P31992
6b41:A,1,481,18.181818181818183,P31992
5jog:A;5joh:A,2,221,18.181818181818183,P31992
4ie0:A,1,441,18.181818181818183,P31992
4idz:A,1,437,18.181818181818183,P31992
4raq:A,1,198,18.181818181818183,Q9WYW0
2jjk:B;2jjk:D;2wbb:B;2wbb:C;2wbb:D,13,318,18.181818181818183,P31992
1exv:A;1exv:B,2,786,18.181818181818183,P31992
6f92:A;6f92:D,2,760,18.181818181818183,P04117
4msl:A,1,654,18.181818181818183,P31992
5llm:A,1,399,18.181818181818183,P31992
3qj9:A;3qk5:A,2,549,18.181818181818183,P31992
4hbp:A,1,531,18.181818181818183,P31992
6c1s:A,1,826,18.181818181818183,P31992
6bqh:A,1,351,18.181818181818183,P31992
5ee7:A,1,416,18.181818181818183,P31992
4wf2:A,1,304,18.181818181818183,P31992
4l02:A,1,360,18.181818181818183,P31992
2k2g:A,1,165,18.181818181818183,P26664
1koj:A;1koj:B,2,556,18.181818181818183,P31992
5wqc:A,1,499,18.181818181818183,P31992
4l6s:A,1,351,18.181818181818183,P31992
5ws3:A,1,506,18.181818181818183,P31992
3vzd:E,1,344,18.181818181818183,P31992
2jjk:A;2wbb:A;2wbd:A;2y5k:A;2y5l:A,5,320,18.181818181818183,P31992
1lor:A;1lor:B,2,209,18.181818181818183,Q9RHV9
4l70:A;4l7o:A,2,354,18.181818181818183,P31992
4rcd:A,1,368,18.181818181818183,P31992
3pz4:B;4gtp:B;4gtr:B,3,403,18.181818181818183,P31992
1em6:A;1em6:B,2,787,18.181818181818183,P31992
4ie4:A,1,438,18.181818181818183,P31992
4rac:D,1,198,18.181818181818183,O92972
6aqf:A,1,390,18.181818181818183,P31992
1pop:A,1,212,18.160377358490567,P27958
4zpe:A,1,369,18.15718157181572,P00797
1cgl:A,1,168,18.154761904761905,P0ACC7
6ela:A,1,157,18.15286624203822,P26664
5i2z:A;5i3m:A;5i43:A,3,157,18.15286624203822,P26664
5wbm:B,1,302,18.14814814814815,P09382
3thd:A,1,605,18.14814814814815,P09382
5ai8:A,1,539,18.14814814814815,Q01469
4qlq:J,1,195,18.14516129032258,P32890
4zud:A,1,376,18.14516129032258,P32890
3nzw:X;3nzx:J;3nzx:X,3,198,18.14516129032258,P32890
1x1z:A;1x1z:B;2zz1:A;2zz1:B;2zz6:A,6,215,18.13953488372093,Q9RHV9
4x60:A;4x61:A;4x63:A;5emj:A;5emj:D,13,625,18.129770992366414,Q8N1Q1
2y6d:A;2y6d:B;2y6d:C;2y6d:D,4,160,18.125,P29317
6d6t:D,1,337,18.12227074235808,P58154
6d6u:B,1,336,18.12227074235808,P58154
6d6u:D,1,338,18.12227074235808,P58154
6d6t:B,1,333,18.12227074235808,P58154
4ran:D,1,196,18.112244897959183,Q9WYW0
4qlq:N;6g7f:N;6g8m:N;6g8n:N,4,196,18.112244897959183,P26664
3s2v:A;4dld:B;4e0x:B;4e0x:D,4,254,18.11023622047244,O75116
6g0w:A,1,185,18.10810810810811,P42527
1zp5:A;1zs0:A;1zvx:A;3dng:A;3dpe:A,6,163,18.098159509202453,P12931
5aku:A,1,210,18.095238095238095,O60658
4whh:A,1,210,18.095238095238095,Q13133
3s2v:B,1,257,18.09338521400778,O75116
4o1l:A,1,326,18.092105263157894,P02701
2wvz:A,1,738,18.092105263157894,P02701
2ww0:A;2wzs:A,2,736,18.092105263157894,P02701
1w0y:T;1w2k:T,2,188,18.085106382978722,P35968
3g1v:A;3g1v:B,2,213,18.07511737089202,P56216
1g05:B,1,166,18.072289156626507,P14324
1xur:B;2ozr:G;2yig:B;3elm:B;3elm:D,14,166,18.072289156626507,P51812
1mmp:A;1mmp:B;1mmq:A,3,166,18.072289156626507,P22455
3ooz:A,1,368,18.070652173913043,P00797
4rab:D;4rad:D;4ran:C,3,202,18.06930693069307,P56216
3h0w:A,1,238,18.067226890756302,O75116
4az3:B,1,155,18.06451612903226,Q9R117
1f8a:B,1,155,18.06451612903226,O92972
5bsk:B,1,191,18.06282722513089,P26662
5bsk:C,1,191,18.06282722513089,P26662
4q1d:B,1,227,18.061674008810574,O75116
1tqf:A,1,371,18.059299191374663,P00797
2ph6:A,1,371,18.059299191374663,P00797
4whl:A,1,216,18.055555555555557,P19793
2za0:A,1,180,18.055555555555557,Q9Y5S2
3vv6:A,1,360,18.055555555555557,P00797
1los:A,1,216,18.055555555555557,O92972
4kn0:A;4kn1:A,2,205,18.048780487804876,Q99558
4ijq:C;5w8v:C,2,205,18.048780487804876,P56216
3pr0:B,1,548,18.045112781954888,P05413
2wj1:A,1,543,18.045112781954888,P05413
2wj2:A;3k83:A;3k84:A;3ppm:A,4,546,18.045112781954888,P05413
6nao:A,1,358,18.045112781954888,P05413
4j5p:A,1,544,18.045112781954888,P05413
2wj1:B,1,544,18.045112781954888,P05413
2wj2:B;3k7f:B;3k83:B;3ppm:B;3pr0:A,6,545,18.045112781954888,P05413
3k7f:A;3k84:B;6mrg:A,3,543,18.045112781954888,P05413
3wpn:A,1,309,18.045112781954888,P05413
3ehx:A;3ehy:A;3f15:A;3f16:A;3f17:A,14,158,18.037974683544302,P26664
4j0t:A,1,381,18.0327868852459,P22629
3qi1:A,1,382,18.0327868852459,P22629
4j0z:A,1,381,18.0327868852459,P22629
5aeh:A,1,208,18.028846153846153,O60658
4avu:A;4avw:A;4j3m:A;4ufu:A;4ufy:A,14,208,18.028846153846153,O60658
3s7l:A,1,369,18.021680216802167,P00797
3lhg:A,1,369,18.021680216802167,P00797
6ek3:B,1,197,18.02030456852792,P00953
5kqf:A,1,358,18.01675977653631,P00797
5j6d:A,1,292,18.014705882352942,P47929
5tpg:A,1,271,18.014705882352942,P47929
4oon:A,1,502,18.014705882352942,P47929
1nwl:A,1,283,18.014705882352942,P47929
5l01:A,1,283,18.014705882352942,P47929
2y6c:A;2y6c:B;2y6c:C;2y6c:D,4,161,18.012422360248447,P26660
4ran:B,1,200,18.0,Q9UGL1
4nbl:A,1,258,18.0,P61823
5khi:A;5khi:B;5khi:C;5khi:D;5khk:A,8,200,18.0,P02829
3ipy:A;3ipy:B,2,225,18.0,Q8N543
1h9z:A;1ha2:A,2,583,18.0,P61823
2aj8:A;2aj8:B;2ajb:A;2ajb:B;2bua:A,6,728,18.0,P61823
1bzy:A;1bzy:B;1bzy:C;1bzy:D;3ggj:A,6,214,17.990654205607477,P35030
830c:A,1,164,17.98780487804878,P00558
3elm:A;3elm:C,2,164,17.98780487804878,P10844
5m2v:B,1,253,17.984189723320156,O75116
4q1b:B,1,228,17.982456140350877,Q13464
5eqy:B,1,351,17.97752808988764,P02754
3in3:A;3in4:A,2,370,17.972972972972972,P00797
3g1d:B,1,217,17.972350230414747,Q9RHV9
5bsk:A,1,192,17.96875,P26662
2qcf:A;2qcf:B;2qcm:A;2qcm:B,4,256,17.96875,P26663
3g3m:A;3g3m:B;3mi2:A;3mi2:B,4,256,17.96875,P26663
4wy6:A,1,373,17.962466487935657,P00797
2b8v:A,1,373,17.962466487935657,P00797
1ysg:A;1ysi:A,2,181,17.955801104972377,P51449
4yyl:A,1,181,17.955801104972377,P07948
5brn:C,1,195,17.94871794871795,Q9WYW0
5dxu:A,1,922,17.94871794871795,Q819U0
4ixh:A;4ixh:C,2,336,17.94871794871795,Q819U0
2aei:T,1,195,17.94871794871795,P17612
2pbw:A,1,248,17.943548387096776,P0DMV8
3ivh:A,1,379,17.941952506596305,P00797
4pv5:A,1,170,17.941176470588236,P0A725
1umw:A,1,223,17.937219730941703,P11142
3iod:A,1,276,17.934782608695652,P29597
3dz6:A,1,237,17.932489451476794,O75116
4raq:C,1,198,17.92929292929293,P26662
5dtq:A,1,320,17.92452830188679,P07435
3rq7:A,1,212,17.92452830188679,Q08499
1rmz:A;1ycm:A;1z3j:A;3lik:A;3lil:A,13,159,17.92452830188679,P26664
5cxa:A;5czm:A;5d3c:A,3,159,17.92452830188679,P26664
5dry:A;5mw3:A,2,319,17.92452830188679,P07435
1utz:A;1utz:B;1utz:C;1utz:D;1utz:E,6,159,17.92452830188679,P26664
3ggc:A;3ggc:C,2,212,17.92452830188679,P35030
3s7m:A,1,371,17.92452830188679,P00797
1km3:A;1km3:B,2,212,17.92452830188679,P26663
3sr4:A,1,328,17.92452830188679,P07435
1mhw:A,1,173,17.91907514450867,P27958
4l7j:A,1,374,17.914438502673796,P00797
4d85:A,1,374,17.914438502673796,P00797
5t1a:A,1,444,17.91044776119403,P00436
4tk5:A,1,201,17.91044776119403,O60658
3ipx:A,1,229,17.903930131004365,O75116
4q1b:A;4q1c:B,2,229,17.903930131004365,O75116
1vso:A;1vso:B,2,243,17.901234567901234,O75116
2wo9:A,1,162,17.901234567901234,P0ACC7
1hv5:A,1,162,17.901234567901234,P26662
1ztq:A,1,162,17.901234567901234,O75116
2qcd:A,1,257,17.898832684824903,P26663
1qin:A;1qin:B;3vw9:A;3vw9:B,4,176,17.897727272727273,Q16512
5w8v:B,1,204,17.892156862745097,P56216
3g1d:A,1,218,17.889908256880734,Q9RHV9
1bzs:A,1,165,17.87878787878788,O92972
4rad:B,1,207,17.8743961352657,P51812
4rao:D,1,207,17.8743961352657,P51812
4e0x:A;4e0x:C,2,249,17.8714859437751,P0DMV8
4ke0:A,1,375,17.866666666666667,P00797
2hm1:A;2iqg:A,2,375,17.866666666666667,P00797
4di2:A,1,375,17.866666666666667,P00797
2vj9:A,1,375,17.857142857142858,P0A3F4
4acu:A,1,372,17.857142857142858,P0A3F4
2ydv:A,1,315,17.857142857142858,P0A3F4
4acx:A,1,370,17.857142857142858,P0A3F4
1i5r:A;1i5r:B,2,285,17.857142857142858,P0A3F4
3hb4:X;3hb4:A,2,284,17.857142857142858,P0A3F4
4qsm:A;4qsm:C;4qsm:D;4qt0:A;4qt0:C,6,332,17.857142857142858,P0A3F4
5w8i:A;5w8i:B;5w8j:A,3,329,17.857142857142858,P0A3F4
4ymb:A,1,252,17.857142857142858,O75116
4ixh:B;4ixh:D,2,334,17.857142857142858,P0A3F4
5dtt:C;5dva:A;5qa4:A;5qa6:A;5qa7:A,28,241,17.857142857142858,P0A3F4
4pv5:B,1,182,17.857142857142858,P62576
5dtk:A;5dtk:D,2,242,17.857142857142858,P0A3F4
5dts:C,1,240,17.857142857142858,P0A3F4
4b05:A,1,371,17.857142857142858,P0A3F4
4uwh:A,1,554,17.857142857142858,P0A3F4
4ph4:B,1,529,17.857142857142858,P0A3F4
3ro4:B,1,291,17.857142857142858,P0A3F4
3b1u:A;3b1u:B,2,628,17.857142857142858,P0A3F4
3b3x:A;3b3x:B,2,255,17.857142857142858,P0A3F4
4b1c:A,1,375,17.857142857142858,P0A3F4
3b1t:A;3b1t:B,2,624,17.857142857142858,P0A3F4
1cr6:B;1ek1:B;1ek2:B,3,541,17.857142857142858,P0A3F4
4azy:A,1,375,17.857142857142858,P0A3F4
4e67:A,1,213,17.857142857142858,P0A3F4
3pbb:A,1,323,17.857142857142858,P0A3F4
1i2s:A,1,255,17.857142857142858,P0A3F4
5egs:D,1,334,17.857142857142858,P0A3F4
5e8r:A,1,332,17.857142857142858,P0A3F4
4n00:A;4r5n:A;4rrn:A;4rro:A;4rrs:A,5,393,17.857142857142858,P0A3F4
1i2s:B,1,255,17.857142857142858,P0A3F4
4uwf:A,1,550,17.857142857142858,P0A3F4
5e8r:B,1,333,17.857142857142858,P0A3F4
5egs:A,1,335,17.857142857142858,P0A3F4
2v3d:A,1,496,17.857142857142858,P0A3F4
2viz:A;2vj6:A;2vj7:A,3,371,17.857142857142858,P0A3F4
4ewo:A;4exg:A,2,377,17.857142857142858,P0A3F4
5v0n:A,1,371,17.857142857142858,P0A3F4
4dvi:A,1,206,17.857142857142858,P0A3F4
4dpi:A,1,373,17.857142857142858,P0A3F4
4qsm:B;4qt0:B;5w8h:A;5w8h:B;5w8j:B,5,331,17.857142857142858,P0A3F4
4i12:A,1,374,17.857142857142858,P0A3F4
3veu:A,1,380,17.857142857142858,P0A3F4
5om9:A,1,396,17.857142857142858,P0A3F4
4i1c:A,1,378,17.857142857142858,P0A3F4
4i0d:A,1,387,17.857142857142858,P0A3F4
3ckp:A;3ckr:A,2,379,17.857142857142858,P0A3F4
5g53:A,1,283,17.84452296819788,Q9UGL1
5uyu:A,1,370,17.83783783783784,P00797
5m7s:B,1,444,17.82608695652174,P14174
4z7n:B;4z7o:B,2,464,17.82608695652174,P14174
4q19:B,1,230,17.82608695652174,O75116
3nif:B;4z7q:B,2,466,17.82608695652174,P14174
4kcg:A,1,230,17.82608695652174,O75116
2rcb:A,1,282,17.82608695652174,P14174
1au0:A;1ayu:A;1ayv:A;1nl6:A;1nlj:A,22,215,17.821782178217823,P31151
1snk:A;1yt7:A,2,214,17.821782178217823,P31151
1b57:A;1b57:B,2,346,17.821782178217823,P31151
1u9w:A;1u9x:A;2r6n:A,3,216,17.821782178217823,P31151
6gue:B,1,262,17.821782178217823,P31151
2za0:B,1,176,17.821782178217823,P31151
3dog:D,1,264,17.821782178217823,P31151
4wvl:A,1,331,17.821782178217823,P31151
4bgm:A;4bgm:B;4bhf:A;4bhf:B;4c5w:A,6,384,17.821782178217823,P31151
4bg1:A;4bg1:B;4bgk:A;4bgk:B;4bhi:A,6,385,17.821782178217823,P31151
4yay:A,1,393,17.821782178217823,P31151
4hra:A,1,320,17.821782178217823,P31151
3ddp:D,1,268,17.821782178217823,P31151
6gub:B;6guc:B;6guf:B,3,261,17.821782178217823,P31151
2g9x:B,1,262,17.821782178217823,P31151
2aux:A;3kx1:A;3ovz:A,3,213,17.821782178217823,P31151
4ask:A,1,428,17.821782178217823,P31151
4ekg:A,1,319,17.821782178217823,P31151
4eki:A,1,319,17.821782178217823,P31151
2i6b:A,1,329,17.821782178217823,P31151
5tdi:A,1,215,17.821782178217823,P31151
3ddq:D,1,269,17.821782178217823,P31151
4xxs:A,1,376,17.819148936170212,P00797
5uwk:A,1,160,17.8125,Q15418
4dfw:A,1,219,17.80821917808219,O92972
3kyr:A,1,365,17.80821917808219,P00797
2ohs:A,1,374,17.803030303030305,P04117
2oah:A;2oah:B,2,378,17.803030303030305,P04117
4trw:A,1,389,17.803030303030305,P04117
1f1j:A,1,230,17.803030303030305,P04117
5he7:A,1,385,17.803030303030305,P04117
3l5d:A,1,386,17.803030303030305,P04117
3ohf:A;3ohf:B;3ohh:A;3ohh:B;3skf:A,7,387,17.803030303030305,P04117
5t1u:A,1,380,17.803030303030305,P04117
4i11:A,1,397,17.803030303030305,P04117
5ajz:A,1,440,17.803030303030305,P04117
5ajy:A,1,439,17.803030303030305,P04117
4hzt:A;4i0f:A,2,393,17.803030303030305,P04117
6hvh:A,1,431,17.803030303030305,P04117
6hvi:A,1,433,17.803030303030305,P04117
6gdg:A,1,264,17.803030303030305,Q9UGL1
2f3f:A;3k5d:A;3qbh:A;3vf3:A;4d88:A,6,375,17.803030303030305,P04117
4i10:A,1,390,17.803030303030305,P04117
2ohk:A;2ohl:A;2ohm:A;2ohp:A;2ohq:A,9,377,17.803030303030305,P04117
5ak0:A,1,442,17.803030303030305,P04117
6eqm:A,1,378,17.803030303030305,P04117
6etj:A,1,431,17.803030303030305,P04117
4frs:A;4h1e:A;4r93:A,3,386,17.803030303030305,P04117
5hdv:A,1,384,17.803030303030305,P04117
4b00:A,1,375,17.803030303030305,P04117
4r8y:A;4r91:A;5hd0:A;5hdu:A;5hdx:A,8,387,17.803030303030305,P04117
4r92:A;5htz:A;5hu1:A,3,388,17.803030303030305,P04117
4joo:A;4jp9:A;4jpc:A;4jpe:A,4,402,17.803030303030305,P04117
2va5:A;2va5:B;3msk:A;3s2o:A,4,378,17.803030303030305,P04117
3kmx:A;3kmy:A;3l58:A,3,395,17.803030303030305,P04117
2q15:A;2q15:B,2,385,17.803030303030305,P04117
3lnk:A,1,387,17.803030303030305,P04117
1ym4:A,1,379,17.803030303030305,P04117
5ajx:A,1,441,17.803030303030305,P04117
5ajw:A,1,439,17.803030303030305,P04117
5ajv:B;5ajv:A,2,435,17.803030303030305,P04117
4trz:A,1,388,17.803030303030305,P04117
3kn0:A;3l5b:A,2,387,17.803030303030305,P04117
1xs7:D;2g94:A;2p4j:A;2vkm:A;3kmx:B,13,389,17.803030303030305,P04117
6bfd:A;6bfe:A;6bfw:A,3,393,17.803030303030305,P04117
4x7i:A,1,389,17.803030303030305,P04117
5lyw:A,1,359,17.803030303030305,P04117
4pzx:A,1,400,17.803030303030305,P04117
1w51:A,1,375,17.803030303030305,P04117
4ybi:A,1,388,17.803030303030305,P04117
4h3i:A,1,387,17.803030303030305,P04117
3r2f:A;3skg:A,2,386,17.803030303030305,P04117
6d6u:E,1,322,17.803030303030305,P04117
4pzw:A,1,397,17.803030303030305,P04117
3zmg:A,1,385,17.803030303030305,P04117
3udh:A;3udj:A;3udk:A;3udm:A;3udn:A,12,394,17.803030303030305,P04117
4b70:A,1,372,17.803030303030305,P04117
2q11:A,1,388,17.803030303030305,P04117
4zsp:A;4zsr:A,2,390,17.803030303030305,P04117
2qmd:A;2qmf:A;2qmg:A;2qp8:A;3cib:A,21,390,17.803030303030305,P04117
2qk5:A,1,395,17.803030303030305,P04117
1wqv:T;1wss:T;2zp0:T,3,191,17.801047120418847,P17612
2ozr:H,1,163,17.791411042944784,P00558
3rth:A;4wtu:A,2,371,17.78975741239892,P00797
3tpr:A,1,371,17.78975741239892,P00797
5brn:B,1,194,17.783505154639176,Q9UGL1
4bb2:A,1,332,17.77777777777778,Q01469
3thd:D,1,602,17.77777777777778,P09382
3nzw:M;3nzx:M;4qlq:a,3,233,17.77777777777778,P09382
5dt2:A,1,311,17.77777777777778,Q01469
5dsx:A,1,316,17.77777777777778,Q01469
1m51:A,1,603,17.77777777777778,P09382
5lsy:A,1,246,17.77777777777778,P09382
5mw4:A,1,305,17.77777777777778,Q01469
5drt:A,1,314,17.77777777777778,Q01469
6g8m:a;6g8n:a,2,232,17.77777777777778,P09382
3ggj:B;3ggj:D,2,211,17.77251184834123,Q9UGL1
3gep:B;3gep:D,2,211,17.77251184834123,Q9R117
4rab:A,1,197,17.766497461928935,Q9WYW0
5i3y:A,1,369,17.763157894736842,P02701
3rsx:A,1,375,17.763157894736842,P02701
3inf:A,1,367,17.759562841530055,P22629
4frk:A,1,369,17.75067750677507,P00797
4raq:B,1,200,17.75,P12821
4rac:B,1,200,17.75,Q9WYW0
4o2b:D,1,421,17.741935483870968,P32890
5dd9:A,1,467,17.741935483870968,P32890
5dqc:A,1,372,17.741935483870968,P00797
4fri:A,1,372,17.741935483870968,P00797
4x5z:A;5db1:A;5ddc:A;5ddd:A;5dde:A,5,466,17.741935483870968,P32890
3nsh:A,1,372,17.741935483870968,P00797
5lt6:A,1,234,17.735042735042736,Q9Y5S2
5m2v:A,1,251,17.729083665338646,O75116
2gvz:A,1,189,17.724867724867725,P52789
4rce:A,1,364,17.71978021978022,P00797
3bzi:A,1,223,17.713004484304932,P11142
4iue:A;4j21:A;4j22:A;4j3l:A;5nut:A,6,209,17.70334928229665,O60658
4rcf:A;5i3v:A,2,370,17.7027027027027,P00797
1lvc:A;1s26:A,2,485,17.696629213483146,P02754
5i3x:A,1,373,17.694369973190348,P00797
4o3b:A;5cbs:A,2,260,17.692307692307693,O92972
3tdj:A,1,260,17.692307692307693,O92972
3gep:A;3gep:C,2,212,17.68867924528302,P51812
6d6t:E,1,260,17.685589519650655,P58154
2wo8:A,1,164,17.682926829268293,P0ACC7
2ozr:E,1,164,17.682926829268293,P00558
4rao:B,1,198,17.67676767676768,P26662
3l3a:A,1,365,17.671232876712327,P00797
4g8o:A;4g8o:B,2,359,17.669172932330827,P05413
4g8o:C;4g8o:D,2,367,17.669172932330827,P05413
3bl7:A;3bl9:A;3bla:A,3,286,17.669172932330827,P05413
4xnw:A,1,346,17.669172932330827,P05413
4i1r:A;4i1r:B,2,353,17.669172932330827,P05413
3bl7:B;3bl9:B;3bla:B,3,289,17.669172932330827,P05413
4g8r:B,1,368,17.669172932330827,P05413
5ek0:A,1,250,17.669172932330827,P05413
1bmq:A,1,167,17.664670658682635,P0DMV8
4ran:A,1,201,17.66169154228856,P56216
4raq:D,1,201,17.66169154228856,P56216
4axm:A,1,218,17.660550458715598,P26664
4fmu:A,1,235,17.659574468085108,Q9Y5S2
3u6a:A,1,374,17.647058823529413,P00797
4dum:A,1,187,17.647058823529413,P10721
2zns:A;2znt:A;2znu:A,3,255,17.647058823529413,O75116
5ka7:A,1,298,17.647058823529413,P47929
3zmq:A,1,258,17.647058823529413,P47929
1ftk:A,1,250,17.647058823529413,P47929
1z6j:T,1,207,17.632850241545892,P42527
4bs4:A,1,207,17.632850241545892,O60658
3ivi:A,1,380,17.63157894736842,P00797
2gvd:A,1,190,17.63157894736842,P52789
4gto:A,1,317,17.628205128205128,Q819U0
4bco:B,1,258,17.628205128205128,Q819U0
1d8e:A,1,323,17.628205128205128,Q819U0
3kmc:B;3kme:B,2,254,17.628205128205128,Q819U0
1ogu:B,1,253,17.628205128205128,Q819U0
1o5m:A;2r2l:A,2,315,17.628205128205128,Q819U0
6gl3:A,1,354,17.628205128205128,Q819U0
3o64:B,1,253,17.628205128205128,Q819U0
2oi0:A,1,266,17.628205128205128,Q819U0
3ewj:B,1,255,17.628205128205128,Q819U0
3lea:A,1,258,17.628205128205128,Q819U0
2fv5:A,1,261,17.628205128205128,Q819U0
3b92:A,1,259,17.628205128205128,Q819U0
1zxc:A;2a8h:A,2,259,17.628205128205128,Q819U0
1n94:A;3pz4:A;4gtp:A;4gtq:A;4gtr:A,5,315,17.628205128205128,Q819U0
2i47:A;2i47:D,2,255,17.628205128205128,Q819U0
2i47:B;2i47:C;3g42:A,3,254,17.628205128205128,Q819U0
4gtm:A,1,318,17.628205128205128,Q819U0
2iw8:B;2iw9:B,2,255,17.628205128205128,Q819U0
1s64:A,1,314,17.628205128205128,Q819U0
4hyf:A,1,227,17.621145374449338,O60658
5dhg:A,1,281,17.615658362989326,P26660
5om9:B,1,392,17.61006289308176,O25928
3fvh:A,1,233,17.59656652360515,P11142
2pjt:A,1,162,17.59259259259259,Q15418
5mqy:A,1,216,17.59259259259259,P26663
4tjw:A,1,199,17.587939698492463,O60658
4tjy:A;4tkf:A,2,199,17.587939698492463,O60658
6g0w:B,1,182,17.582417582417584,P10844
3fuz:A;3fv1:A;3fv2:A;3fvg:A;3fvk:A,6,256,17.578125,O75116
4hkp:A;4hkp:B,2,256,17.578125,P26663
1q4k:A,1,222,17.56756756756757,P11142
4p58:A,1,205,17.5609756097561,P26662
4frj:A,1,373,17.560321715817693,P00797
1t49:A;1t4j:A,2,282,17.5531914893617,O76074
3pxe:A,1,211,17.53554502369668,Q9WMX2
1ezf:A,1,323,17.532467532467532,P31992
2i3v:A,1,259,17.532467532467532,P31992
3ctt:A,1,862,17.532467532467532,P31992
4og5:A,1,469,17.532467532467532,P31992
4o2b:F,1,319,17.532467532467532,P31992
2oc4:A;2oc4:B;2oc4:C,3,286,17.532467532467532,P31992
2p2a:A,1,258,17.532467532467532,P31992
4og3:A,1,467,17.532467532467532,P31992
1syh:A;1syh:B,2,259,17.532467532467532,P31992
1syi:A;1syi:B,2,259,17.532467532467532,P31992
3tv8:B,1,391,17.532467532467532,P31992
3tv8:A,1,390,17.532467532467532,P31992
2p2a:B,1,255,17.532467532467532,P31992
1ek1:A,1,490,17.532467532467532,P31992
4igt:A;4igt:B,2,263,17.532467532467532,P31992
5db3:A,1,467,17.532467532467532,P31992
5ddb:A,1,464,17.532467532467532,P31992
4gq4:A;4og6:A;4og7:A,3,469,17.532467532467532,P31992
4x5y:A,1,468,17.532467532467532,P31992
6d6t:A;6d6t:C;6d6u:A;6d6u:C,4,333,17.532467532467532,P31992
4g8m:A,1,260,17.532467532467532,P31992
5dda:A;5ddf:A,2,465,17.532467532467532,P31992
1ftj:A;1fw0:A;1m5b:A;1m5b:B;1m5b:C,19,258,17.532467532467532,P31992
5db0:A;5db2:A,2,468,17.532467532467532,P31992
5u62:A,1,349,17.532467532467532,P31992
3gxt:B;3s5y:B,2,391,17.532467532467532,P31992
3gxt:A;3s5y:A,2,390,17.532467532467532,P31992
5elv:A;5elv:B,2,263,17.532467532467532,P31992
6b5q:A,1,190,17.532467532467532,P31992
1p1n:A;1p1n:B,2,258,17.532467532467532,P31992
5fho:D,1,256,17.532467532467532,P31992
5fhn:A;5fhn:B,2,258,17.532467532467532,P31992
4jr0:B,1,226,17.532467532467532,P31992
4jr0:A,1,226,17.532467532467532,P31992
5fho:A,1,254,17.532467532467532,P31992
4n07:A;4n07:B,2,262,17.532467532467532,P31992
5etj:B,1,287,17.532467532467532,P31992
5etj:A;5etj:C,2,288,17.532467532467532,P31992
5m5q:A,1,219,17.532467532467532,P31992
4usw:A;4usw:B;4usw:C,3,457,17.532467532467532,P31992
5ufi:A,1,192,17.532467532467532,P31992
5uqv:A,1,329,17.532467532467532,P31992
1wvj:A;1wvj:B,2,262,17.532467532467532,P31992
5h15:A,1,356,17.532467532467532,P31992
3qce:B;3qcf:B,2,284,17.532467532467532,P31992
4a22:A;4a22:B,2,329,17.532467532467532,P31992
1yon:A,1,292,17.532467532467532,P31992
1yxd:A;1yxd:B;1yxd:C;1yxd:D,4,292,17.532467532467532,P31992
1xhy:A;1xhy:B,2,259,17.532467532467532,P31992
3pd8:B;5cbs:C,2,261,17.532467532467532,P31992
5h17:A,1,357,17.532467532467532,P31992
4eb8:A;4eb8:B,2,288,17.532467532467532,P31992
1n0t:A;1n0t:C;3h03:A,3,257,17.532467532467532,P31992
4eb8:C,1,283,17.532467532467532,P31992
1mqg:A;1mqg:B;3pd8:A;5fhm:B,4,259,17.532467532467532,P31992
1mqh:A;1mqh:B,2,260,17.532467532467532,P31992
1mqi:A;1mqi:B;1mqj:A;1mqj:B;2al5:A,6,260,17.532467532467532,P31992
3pwh:A;3rey:A;3uza:A;3uzc:A,4,291,17.532467532467532,P31992
2qmj:A;3l4w:A,2,863,17.532467532467532,P31992
1u32:A,1,293,17.532467532467532,P31992
3tdj:B,1,260,17.532467532467532,P31992
1cr6:A;1ek2:A,2,487,17.532467532467532,P31992
3mo0:A,1,251,17.529880478087648,P00519
3tdc:A,1,720,17.515923566878982,P81245
3ff6:A,1,750,17.515923566878982,P81245
3ff6:B,1,748,17.515923566878982,P81245
4rao:A,1,197,17.512690355329948,P26660
3hy7:A;3hy9:A;3hyg:A,3,217,17.51152073732719,P29029
1npz:A,1,217,17.51152073732719,P26664
3ewu:A;3ewu:B;3ex6:A;3ex6:B,4,257,17.509727626459146,P26663
2qcn:A;2qcn:B;3ex3:A;3ex3:B,4,257,17.509727626459146,P26663
4pnr:A;4tkg:A,2,200,17.5,O60658
2f1g:A,1,220,17.5,P26664
3i7i:B,1,160,17.5,P00558
2hxm:A,1,223,17.48878923766816,P62576
4rcp:A,1,223,17.48878923766816,P19793
4e9c:A,1,223,17.48878923766816,P11142
5nob:A,1,203,17.48768472906404,O60658
3i7g:B,1,163,17.484662576687118,P10844
2f10:A,1,349,17.478510028653297,P26662
4x63:B,1,309,17.475728155339805,Q9Y5S2
5w8v:A,1,206,17.475728155339805,P07949
5ij7:E;5wg6:B,2,355,17.464788732394368,P0A8M3
2pgj:A,1,252,17.46031746031746,Q00534
2pgl:A,1,252,17.46031746031746,Q00534
6gy1:A,1,212,17.452830188679247,P28523
2qch:A;2qch:B;3l0n:A;3l0n:B,4,255,17.45098039215686,O75116
4ea3:A,1,278,17.446043165467625,P26660
3ewz:A;3ewz:B,2,258,17.441860465116278,P26663
2qcd:B;2qcg:A;2qcg:B,3,258,17.441860465116278,P26663
2qft:A,1,427,17.43421052631579,P02701
1pf7:E;1pf7:A;1pf7:B;1pwy:E;1pwy:A,6,288,17.43421052631579,P02701
2q7o:E;2q7o:A;2q7o:B,3,284,17.43421052631579,P02701
3k8o:Q,1,284,17.43421052631579,P02701
3fk1:A,1,427,17.43421052631579,P02701
1rr6:A;1rr6:B;1rr6:C;1rt9:A;1rt9:B,6,282,17.43421052631579,P02701
3k8o:E;3k8o:Y,2,283,17.43421052631579,P02701
4ear:C,1,284,17.43421052631579,P02701
3bgs:A;3bgs:B;3bgs:C;3k8q:A;3k8q:B,6,286,17.43421052631579,P02701
1k27:A;1k27:B;1k27:C,3,270,17.43421052631579,P02701
4ear:B,1,286,17.43421052631579,P02701
4ear:A,1,282,17.43421052631579,P02701
3ljt:A,1,218,17.431192660550458,P29029
5ka1:A,1,284,17.429577464788732,O76074
2g6p:A;4ikr:A;4iks:A;4ikt:A;4iku:A,5,304,17.424242424242426,P04117
4u6w:A,1,304,17.424242424242426,P04117
5lqf:B;6gu3:B;6gu4:B,3,264,17.424242424242426,Q13464
5u5t:A,1,348,17.424242424242426,P04117
5ji6:A,1,368,17.424242424242426,P04117
3of8:A,1,221,17.420814479638008,P12931
3iej:A,1,221,17.420814479638008,P26664
4x60:B,1,310,17.419354838709676,Q9Y5S2
5eqe:A,1,353,17.415730337078653,P02754
1pbq:B,1,266,17.415730337078653,P02754
2a14:A,1,257,17.415730337078653,P02754
6gu2:B,1,265,17.410714285714285,P0A3F4
5k0m:A,1,359,17.410714285714285,P0A3F4
6h1i:A,1,287,17.410714285714285,P0A3F4
6h1h:A,1,288,17.410714285714285,P0A3F4
5c1m:A,1,295,17.410714285714285,P0A3F4
4o2b:B,1,422,17.410714285714285,P0A3F4
3jzh:A,1,359,17.410714285714285,P0A3F4
5zun:A,1,289,17.410714285714285,P0A3F4
2xcg:B,1,494,17.410714285714285,P0A3F4
5gsa:A,1,359,17.410714285714285,P0A3F4
2xcg:A,1,499,17.410714285714285,P0A3F4
5wuk:A,1,366,17.410714285714285,P0A3F4
4wag:A,1,462,17.410714285714285,P0A3F4
5u5h:A,1,355,17.410714285714285,P0A3F4
5ek0:D,1,242,17.410714285714285,P0A3F4
5lp6:B,1,422,17.410714285714285,P0A3F4
5u69:A;5u6d:A;5u8a:A;5u8f:A,4,358,17.410714285714285,P0A3F4
5ttw:A,1,362,17.410714285714285,P0A3F4
3nc9:B;3q92:B;3qa2:B;3qai:B;5wbo:B,8,301,17.40740740740741,P09382
3t8s:B,1,482,17.401960784313726,Q8E378
5m7t:B,1,447,17.401960784313726,Q8E378
5als:A,1,542,17.391304347826086,P34884
3wk4:A;3wk4:B;3wk5:A;3wk5:B;3wk6:A,51,546,17.391304347826086,P34884
4od0:A;4od0:B,2,547,17.391304347826086,P34884
1vj5:A;1vj5:B;1zd2:P;1zd2:A;1zd3:A,16,547,17.391304347826086,P34884
2adu:A;2oaz:A,2,355,17.391304347826086,P34884
5js3:E;5jss:E;5jt9:E;5jvi:E;5jxn:E,17,316,17.391304347826086,P14174
5cls:A;5d6f:A,2,369,17.391304347826086,P34884
5d6e:A,1,370,17.391304347826086,P34884
1qf1:A;1thl:A;1tlp:E;1tmn:E;1z9g:E,14,316,17.391304347826086,P14174
1r58:A;1r5g:A;1r5h:A;1yw7:A;1yw8:A,8,369,17.391304347826086,P34884
5lyx:A,1,363,17.391304347826086,P34884
3i1y:A;3i28:A;3koo:A;3otq:A,4,545,17.391304347826086,P34884
5fp0:A,1,544,17.391304347826086,P34884
4hai:A;4hai:B;4ocz:A;4ocz:B,4,548,17.391304347826086,P34884
4x61:B,1,302,17.3841059602649,P42527
3dei:D,1,233,17.38197424892704,P06241
3ggc:B;3ggc:D,2,213,17.370892018779344,Q9UGL1
3s68:A,1,213,17.370892018779344,P26918
5kad:A,1,285,17.36842105263158,O76074
2xu5:A;2yj9:A,2,216,17.36111111111111,P26664
3qcj:A,1,285,17.338709677419356,P32890
3qcl:A,1,289,17.338709677419356,P32890
4j51:A,1,302,17.338709677419356,P32890
3uh2:A;4li8:A,2,199,17.33668341708543,O75116
3e8r:A,1,251,17.326732673267326,P31151
3dek:B,1,234,17.326732673267326,P31151
2tsr:A;2tsr:B,2,281,17.326732673267326,P31151
1gmy:A,1,254,17.322834645669293,Q9Q0U7
2cmc:A,1,286,17.307692307692307,O76074
5ece:A,1,208,17.307692307692307,O75116
4tpw:A,1,185,17.2972972972973,P62576
2qfu:A,1,427,17.29559748427673,O25928
3vva:A,1,266,17.293233082706767,P35968
3bc3:A;3h8c:A,2,214,17.289719626168225,P33247
1h1d:A,1,214,17.289719626168225,P0ACC7
2xu4:A;5mae:A,2,217,17.28110599078341,P00558
1ms6:A;2hh5:B;2hhn:B;2op3:A;2r9m:A,8,217,17.28110599078341,P26664
1wax:A;2qbr:A;4i8n:A,3,298,17.279411764705884,P47929
3qa2:A,1,297,17.279411764705884,P47929
2cni:A,1,300,17.279411764705884,P47929
5eqp:B,1,349,17.279411764705884,P47929
1nl9:A;1nny:A;1no6:A;1nz7:A;1ony:A,9,283,17.279411764705884,P47929
4btx:B,1,705,17.279411764705884,P47929
1c83:A;1c84:A;1c85:A;1c87:A;1c88:A,7,297,17.279411764705884,P47929
4btx:A,1,708,17.279411764705884,P47929
5ka3:A,1,295,17.279411764705884,P47929
5k9w:A,1,298,17.279411764705884,P47929
5ka9:A,1,299,17.279411764705884,P47929
1gfy:A,1,296,17.279411764705884,P47929
1q1m:A;1xbo:A;2vev:A,3,299,17.279411764705884,P47929
1q6j:A;1q6m:A;1q6n:A;1q6s:A;1q6t:A,6,289,17.279411764705884,P47929
1lqf:A;1lqf:B;1lqf:C;1lqf:D;1q6p:A,5,287,17.279411764705884,P47929
5m7t:A,1,451,17.279411764705884,P47929
5eqe:B,1,344,17.279411764705884,P47929
2cm7:A;2cma:A;2cnf:A;2cng:A;2cnh:A,7,297,17.279411764705884,P47929
2bgd:A,1,295,17.279411764705884,P47929
2bge:A,1,298,17.279411764705884,P47929
1c86:A,1,296,17.279411764705884,P47929
2cmb:A;2cne:A,2,287,17.279411764705884,P47929
5t19:A,1,300,17.279411764705884,P47929
1t48:A,1,292,17.279411764705884,P47929
1bzj:A;1g7g:A;1kak:A;1pxh:A;2b07:A,19,297,17.279411764705884,P47929
2nt7:A;2nta:A,2,297,17.279411764705884,P47929
4xmb:A,1,286,17.279411764705884,P47929
2vex:A;2vey:A,2,298,17.279411764705884,P47929
3nc9:A;3q92:A;3qai:A;3ro4:A;5wbm:A,9,296,17.279411764705884,P47929
1bzc:A,1,297,17.279411764705884,P47929
2xu3:A;2yjb:A,2,220,17.272727272727273,P07949
3hha:A;3hha:D,2,220,17.272727272727273,P07949
3l0v:A,1,255,17.254901960784313,P36897
4esi:A,1,261,17.24137931034483,Q9UGL1
3kr8:A,1,206,17.233009708737864,O60658
6bhv:A,1,238,17.22689075630252,Q16512
5nqe:A,1,180,17.22222222222222,P04825
1me3:A;1me4:A;1u9q:X;2oz2:A;2oz2:C,9,215,17.209302325581394,O92972
3iut:A,1,215,17.209302325581394,P26662
5ow1:A,1,283,17.197452229299362,P81245
1il9:A,1,267,17.197452229299362,P81245
4huo:X;4hup:X;4hv7:X;4mx5:X,4,263,17.197452229299362,P81245
1br6:A;4hv3:A;4mx1:A,3,268,17.197452229299362,P81245
3px8:X;3px9:X,2,258,17.197452229299362,P81245
1gmy:B;1gmy:C,2,253,17.193675889328063,Q9BY41
3ai8:B,1,256,17.1875,Q9Q0U7
4jzr:A,1,204,17.15686274509804,P10844
3ua9:A;4bj9:A,2,207,17.14975845410628,O60658
1lvu:B,1,277,17.14801444043321,Q16512
4mt9:A,1,210,17.142857142857142,P00749
1b8o:A,1,280,17.142857142857142,Q16512
1jtq:A;1jtq:B,2,263,17.134831460674157,P02754
2kce:A;2kce:B,2,264,17.134831460674157,P02754
2yj2:A;2yj8:A;2yjc:A;5f02:A;5maj:A,5,219,17.123287671232877,P00558
4p6e:A;4p6g:A,2,219,17.123287671232877,P26664
5qby:A,1,219,17.123287671232877,P26664
5fpi:A,1,258,17.105263157894736,P02701
4k4e:A,1,208,17.067307692307693,O60658
3k15:A;3k16:A,2,211,17.061611374407583,P43912
4msk:A;4n4v:A,2,211,17.061611374407583,P00749
4igk:A,1,211,17.061611374407583,Q13464
3k0h:A;3k0k:A,2,211,17.061611374407583,P43912
4msg:A,1,211,17.061611374407583,P00749
3deh:D;3dej:D,2,228,17.045454545454547,P04117
3w54:A;3w54:B,2,264,17.045454545454547,P35968
5qbv:A,1,220,17.045454545454547,P26664
3qci:A,1,285,17.037037037037038,P09382
3qck:A,1,289,17.037037037037038,P09382
5l2w:B,1,270,17.037037037037038,Q9Y6E0
3gzn:B,1,429,17.037037037037038,P09382
5m7s:A,1,443,17.037037037037038,P09382
2ydo:A,1,309,17.03056768558952,P58154
3zmp:A,1,276,17.028985507246375,O76074
3deh:C;3dej:C;3dek:A,3,232,17.025862068965516,P06241
1lvu:D,1,279,17.025089605734767,Q16512
1a9q:A;1a9q:B;1a9q:C,3,282,17.02127659574468,Q16512
3cwe:A,1,285,17.017543859649123,O76074
6ek3:A,1,194,17.010309278350515,P0DMV8
4bjc:A,1,197,17.00507614213198,P53355
3u4i:A,1,247,17.004048582995953,Q00534
4bjb:A,1,200,17.0,O76074
2ddf:A,1,253,16.99604743083004,P36897
4k4f:A,1,210,16.987179487179485,Q819U0
3uh4:A,1,209,16.985645933014354,P00749
5n9r:A,1,356,16.985645933014354,P20371
5unh:A,1,385,16.9811320754717,O25928
1lv8:A;1lv8:B;1lv8:D;1lv8:E,4,265,16.9811320754717,Q08345
4i9i:A;4n3r:A,2,212,16.9811320754717,P00749
3vva:B,1,265,16.9811320754717,P35968
3fjz:A,1,427,16.978922716627636,P00519
1g6s:A,1,427,16.978922716627636,P00519
2xu1:A,1,215,16.976744186046513,P00558
5qc4:A,1,221,16.968325791855204,P26664
2y1x:B;2y1x:D,2,343,16.964285714285715,P0A3F4
2y1w:A;2y1w:B;2y1w:C;2y1w:D,4,344,16.964285714285715,P0A3F4
2zjf:A;2zjf:B,2,346,16.956521739130434,P34884
3u4h:A,1,245,16.956521739130434,P14174
3dei:C,1,233,16.952789699570815,P06241
1pb8:A,1,282,16.917293233082706,P05413
1pb9:A,1,281,16.917293233082706,P05413
1lv8:F,1,266,16.917293233082706,Q16512
5vsk:A,1,330,16.917293233082706,P05413
1pbq:A,1,274,16.91176470588235,P47929
4krs:A,1,204,16.91176470588235,O60658
1b8n:A,1,278,16.906474820143885,Q16512
3hha:C;3hwn:A,2,213,16.901408450704224,P26664
4jje:A,1,240,16.883116883116884,P31992
3my1:B;4bcf:B;4bcg:B;4bci:B;4bcj:B,5,252,16.883116883116884,P31992
5ngf:A,1,332,16.883116883116884,P31992
5vs6:B,1,337,16.883116883116884,P31992
5vs6:A,1,339,16.883116883116884,P31992
6f5h:A,1,350,16.883116883116884,P31992
5vsb:A,1,335,16.883116883116884,P31992
3qch:A,1,284,16.883116883116884,P31992
3p8h:A,1,313,16.883116883116884,P31992
3vjc:B,1,333,16.883116883116884,P31992
5uqx:A,1,346,16.883116883116884,P31992
3vjc:C,1,332,16.883116883116884,P31992
3vjc:A,1,334,16.883116883116884,P31992
3qfd:A,1,275,16.883116883116884,P31992
5whc:A,1,338,16.883116883116884,P31992
3blr:B;3lq5:B,2,251,16.883116883116884,P31992
5ei3:A,1,191,16.883116883116884,P31992
5n9t:A,1,357,16.883116883116884,P31992
5nge:A,1,337,16.883116883116884,P31992
2jew:A;3wab:A;5zeq:A,3,304,16.883116883116884,P31992
3asx:A,1,335,16.883116883116884,P31992
6f5h:B,1,337,16.883116883116884,P31992
5vsb:B,1,334,16.883116883116884,P31992
3tnh:B,1,244,16.883116883116884,P31992
5ovr:A;5ovx:A,2,286,16.878980891719745,P81245
3h0e:A,1,237,16.877637130801688,P07948
1nms:A;1nms:B,2,240,16.875,P06241
4pry:A,1,249,16.867469879518072,P06241
1lv8:C,1,267,16.853932584269664,Q16512
5vfd:A,1,243,16.853932584269664,P02754
1vfn:A;1vfn:B;1vfn:C,3,270,16.85185185185185,P07949
5g53:C,1,196,16.836734693877553,Q14680
3h0e:B,1,238,16.831683168316832,P31151
1v48:A;1v48:B;1v48:C,3,261,16.831683168316832,P31151
1lvu:E,1,268,16.791044776119403,Q16512
4en4:A;4en4:B,2,310,16.774193548387096,P26664
4xjs:A,1,239,16.736401673640167,O92972
1lvu:F,1,269,16.728624535315983,Q16512
2oc9:A;2oc9:B;2oc9:C,3,278,16.72661870503597,P0DMV8
2on6:A;2on6:B;2on6:C,3,282,16.666666666666668,Q9WMX2
4xjt:A,1,241,16.666666666666668,Q01469
5ety:A,1,207,16.666666666666668,P00749
4bs5:A;4bsq:A,2,219,16.666666666666668,P00797
2fjm:A,1,285,16.666666666666668,O76074
3o5x:A,1,255,16.666666666666668,P04117
4l7b:A,1,291,16.666666666666668,P26660
4l7b:B,1,292,16.60958904109589,P26660
4l7d:C;4n1b:C,2,287,16.550522648083625,P26660
4l7d:B,1,285,16.544117647058822,P47929
4n1b:B,1,284,16.544117647058822,P47929
5cgj:A,1,290,16.544117647058822,P47929
1lvu:A,1,272,16.544117647058822,Q08345
4l7c:A;4l7c:B;4l7c:C;4l7d:A;4n1b:A,5,286,16.544117647058822,P47929
3fpd:B,1,260,16.53846153846154,P00519
5vsc:B,1,272,16.517857142857142,P0A3F4
5vse:A,1,269,16.517857142857142,P0A3F4
3k5k:A,1,272,16.517857142857142,P0A3F4
5ttf:C,1,265,16.517857142857142,P0A3F4
2ie4:C,1,288,16.517857142857142,P0A3F4
3rjw:B,1,270,16.517857142857142,P0A3F4
5tuy:B,1,263,16.517857142857142,P0A3F4
5tuz:B;5vsd:A,2,257,16.517857142857142,P0A3F4
1lvu:C,1,273,16.483516483516482,P26664
3fpd:A;5vsf:A,2,261,16.47509578544061,P00519
3fuc:A;3fuc:B;3fuc:C,3,274,16.463414634146343,Q9WYW0
3udd:A,1,204,16.42156862745098,O60658
4jnc:A,1,312,16.336633663366335,P31151
4x6x:A;4x6x:B;4x6y:A;4x6y:B,4,316,16.336633663366335,P31151
3ans:A;3ans:B;3ant:A;3ant:B,4,314,16.336633663366335,P31151
5tuz:A,1,259,16.296296296296298,P09382
3mo2:A;3mo5:A,2,255,16.274509803921568,P53355
3rjw:A,1,268,16.23134328358209,P43889
5ttf:A,1,265,16.22641509433962,P43889
4lrh:A;5izq:A,2,207,16.183574879227052,P12821
5ttg:A,1,260,16.176470588235293,P47929
5vsd:B;5vsf:B,2,258,16.085271317829456,P00519
5vsc:A,1,269,16.071428571428573,P0A3F4
5tuy:A,1,267,15.917602996254681,P21860
